id,reference_number,species_number,record,sampled_habitat,active_methods,passive_methods,complementary_methods,period,month_start,year_start,month_finish,year_finish,effort_months,country,state,state_abbreviation,municipality,site,latitude,longitude,coordinate_precision,altitude,temperature,precipitation
amp1410,1173,27,ab,fo,ll,qs,NA,NA,tw,ni,1,2011,1,2012,12,Brazil,São Paulo,BR-SP,São Miguel Arcanjo,Parque Estadual Carlos Botelho,-24.05305556,-48.01361111,gms,721,18.07,1328
amp1411,1174,14,ab,NA,as,pt,ae,mo,da,tw,ni,7,2005,6,2006,11,Brazil,São Paulo,BR-SP,Ubatuba,Parque Estadual da Ilha Anchieta,-23.53944444,-45.05777778,gm,219,21.04,2506
amp1412,1175,10,co,pp,as,NA,NA,tw,ni,11,1984,4,1986,17,Brazil,São Paulo,BR-SP,Cabreúva,Fazenda da Cava,-23.35,-47.06666667,gms,682,18.86,1321
amp1413,1176,53,co,fo,is,tr,NA,NA,tw,ni,4,2001,5,2006,61,Brazil,São Paulo,BR-SP,Pilar do Sul,Reservas legais das empresas Eucatex/SA, Cia. Suzano Celulose, Papel,-23.94694444,-47.67666667,gms,873,17.17,1620
amp1414,1177,24,co,fo,pp,la,sw,is,as,NA,ae,da,tw,ni,8,2006,1,2007,5,Brazil,São Paulo,BR-SP,Pedregulho,Parque Estadual das Furnas do Bom Jesus,-20.24055556,-47.4575,gms,852,20.58,1550
amp1415,1178,30,co,tp,pp,sw,ll,is,br,as,tr,NA,ae,da,tw,ni,10,2009,12,2009,2,Brazil,São Paulo,BR-SP,Iporanga,Parque Estadual Turístico do Alto Ribeira,-24.32861111,-48.59166667,gms,949,17.05,1424
amp1416,1178,22,co,tp,pp,sw,ll,is,br,as,tr,NA,ae,da,tw,ni,10,2009,12,2009,2,Brazil,São Paulo,BR-SP,Iporanga,Parque Estadual Turístico do Alto Ribeira,-24.32833333,-48.50972222,gms,724,18.33,1393
amp1417,1178,32,co,tp,pp,sw,ll,is,br,as,tr,NA,ae,da,tw,ni,10,2009,12,2009,2,Brazil,São Paulo,BR-SP,Iporanga,Parque Estadual Turístico do Alto Ribeira,-24.42694444,-48.59,gms,744,18.3,1430
amp1418,1178,14,co,tp,pp,sw,ll,is,br,as,tr,NA,ae,da,tw,ni,10,2009,12,2009,2,Brazil,São Paulo,BR-SP,Iporanga,Parque Estadual Turístico do Alto Ribeira,-24.49194444,-48.56388889,gms,165,21.98,1431
amp1419,1178,17,co,tp,pp,sw,ll,is,br,as,tr,NA,ae,da,tw,ni,10,2009,12,2009,2,Brazil,São Paulo,BR-SP,Iporanga,Parque Estadual Turístico do Alto Ribeira,-24.54611111,-48.67777778,gms,241,21.49,1381
amp1420,1178,17,co,tp,pp,sw,ll,is,br,as,tr,NA,ae,da,tw,ni,10,2009,12,2009,2,Brazil,São Paulo,BR-SP,Iporanga,Parque Estadual Turístico do Alto Ribeira,-24.51166667,-48.69944444,gms,656,18.91,1397
amp1421,1179,4,co,fo,NA,pt,ae,mo,da,tw,ni,9,2007,3,2008,6,Brazil,São Paulo,BR-SP,Assis,Estação Ecológica de Assis,-22.59666667,-50.36666667,gms,551,20.67,1205
amp1422,1179,4,co,fo,NA,pt,ae,mo,da,tw,ni,9,2007,3,2008,6,Brazil,São Paulo,BR-SP,Assis,Estação Ecológica de Assis,-22.60111111,-50.39055556,gms,581,20.55,1215
amp1423,1179,2,co,fo,NA,pt,ae,mo,da,tw,ni,9,2007,3,2008,6,Brazil,São Paulo,BR-SP,Assis,Estação Ecológica de Assis,-22.5875,-50.37666667,gms,589,20.51,1215
amp1424,1179,5,co,fo,NA,pt,ae,mo,da,tw,ni,9,2007,3,2008,6,Brazil,São Paulo,BR-SP,Assis,Estação Ecológica de Assis,-22.57833333,-50.36833333,gms,549,20.72,1207
amp1425,1179,5,co,fo,NA,pt,ae,mo,da,tw,ni,9,2007,3,2008,6,Brazil,São Paulo,BR-SP,Assis,Estação Ecológica de Assis,-22.57222222,-50.37805556,gms,559,20.7,1214
amp1426,1179,3,co,fo,NA,pt,ae,mo,da,tw,ni,9,2007,3,2008,6,Brazil,São Paulo,BR-SP,Assis,Estação Ecológica de Assis,-22.5675,-50.38472222,gms,581,20.62,1219
amp1427,1179,13,co,sw,ll,br,as,NA,ae,ni,9,2007,3,2008,6,Brazil,São Paulo,BR-SP,Assis,Estação Ecológica de Assis,-22.59555556,-50.36527778,gms,535,20.77,1204
amp1428,1179,4,co,ll,is,br,as,NA,ae,ni,9,2007,3,2008,6,Brazil,São Paulo,BR-SP,Assis,Estação Ecológica de Assis,-22.59722222,-50.37083333,gms,551,20.67,1205
amp1429,1179,7,co,la,ll,br,as,NA,ae,ni,9,2007,3,2008,6,Brazil,São Paulo,BR-SP,Assis,Estação Ecológica de Assis,-22.5975,-50.37166667,gms,551,20.67,1205
amp1430,1179,14,co,la,ll,br,as,NA,ae,ni,9,2007,3,2008,6,Brazil,São Paulo,BR-SP,Assis,Estação Ecológica de Assis,-22.57666667,-50.3675,gms,549,20.72,1207
amp1431,1179,5,co,ll,is,br,as,NA,ae,ni,9,2007,3,2008,6,Brazil,São Paulo,BR-SP,Assis,Estação Ecológica de Assis,-22.57222222,-50.37777778,gms,559,20.7,1214
amp1432,1179,3,co,tp,ll,br,as,NA,ae,ni,9,2007,3,2008,6,Brazil,São Paulo,BR-SP,Assis,Estação Ecológica de Assis,-22.59888889,-50.39305556,gms,585,20.58,1216
amp1433,1179,10,co,tp,ll,br,as,NA,ae,ni,9,2007,3,2008,6,Brazil,São Paulo,BR-SP,Assis,Estação Ecológica de Assis,-22.59611111,-50.39638889,gms,585,20.58,1216
amp1434,1180,3,co,fo,NA,pt,ae,mo,da,tw,ni,10,2008,3,2009,5,Brazil,São Paulo,BR-SP,Angatuba,Estação Ecológica de Angatuba,-23.41333333,-48.37527778,gms,750,19.12,1231
amp1435,1180,4,co,fo,NA,pt,ae,mo,da,tw,ni,10,2008,3,2009,5,Brazil,São Paulo,BR-SP,Angatuba,Estação Ecológica de Angatuba,-23.41111111,-48.38111111,gms,750,19.12,1231
amp1436,1180,3,co,fo,NA,pt,ae,mo,da,tw,ni,10,2008,3,2009,5,Brazil,São Paulo,BR-SP,Angatuba,Estação Ecológica de Angatuba,-23.40111111,-48.3825,gms,720,19.28,1224
amp1437,1180,1,co,fo,NA,pt,ae,mo,da,tw,ni,10,2008,3,2009,5,Brazil,São Paulo,BR-SP,Angatuba,Estação Ecológica de Angatuba,-23.39972222,-48.37722222,gms,705,19.35,1225
amp1438,1180,1,co,fo,NA,pt,ae,mo,da,tw,ni,10,2008,3,2009,5,Brazil,São Paulo,BR-SP,Angatuba,Estação Ecológica de Angatuba,-23.39666667,-48.36861111,gms,688,19.44,1219
amp1439,1180,2,co,fo,NA,pt,ae,mo,da,tw,ni,10,2008,3,2009,5,Brazil,São Paulo,BR-SP,Angatuba,Estação Ecológica de Angatuba,-23.40611111,-48.34583333,gms,701,19.29,1223
amp1440,1180,2,co,fo,NA,pt,ae,mo,da,tw,ni,10,2008,3,2009,5,Brazil,São Paulo,BR-SP,Angatuba,Estação Ecológica de Angatuba,-23.40916667,-48.34944444,gms,691,19.37,1221
amp1441,1180,2,co,fo,NA,pt,ae,mo,da,tw,ni,10,2008,3,2009,5,Brazil,São Paulo,BR-SP,Angatuba,Estação Ecológica de Angatuba,-23.39777778,-48.33027778,gms,660,19.49,1221
amp1442,1180,5,co,fo,NA,pt,ae,mo,da,tw,ni,10,2008,3,2009,5,Brazil,São Paulo,BR-SP,Angatuba,Estação Ecológica de Angatuba,-23.40027778,-48.32555556,gms,654,19.54,1218
amp1443,1180,5,co,fo,NA,pt,ae,mo,da,tw,ni,10,2008,3,2009,5,Brazil,São Paulo,BR-SP,Angatuba,Estação Ecológica de Angatuba,-23.42055556,-48.33555556,gms,664,19.51,1216
amp1444,1180,6,co,fo,NA,pt,ae,mo,da,tw,ni,10,2008,3,2009,5,Brazil,São Paulo,BR-SP,Angatuba,Estação Ecológica de Angatuba,-23.42805556,-48.33027778,gms,626,19.72,1207
amp1445,1180,9,co,la,ll,br,as,NA,ae,ni,3,2007,3,2009,24,Brazil,São Paulo,BR-SP,Angatuba,Estação Ecológica de Angatuba,-23.415,-48.36805556,gms,762,19.02,1232
amp1446,1180,2,co,ll,is,br,as,NA,ae,ni,3,2007,3,2009,24,Brazil,São Paulo,BR-SP,Angatuba,Estação Ecológica de Angatuba,-23.39805556,-48.37694444,gms,705,19.35,1225
amp1447,1180,2,co,ll,is,br,as,NA,ae,ni,3,2007,3,2009,24,Brazil,São Paulo,BR-SP,Angatuba,Estação Ecológica de Angatuba,-23.39611111,-48.36666667,gms,688,19.44,1219
amp1448,1180,1,co,ll,is,br,as,NA,ae,ni,3,2007,3,2009,24,Brazil,São Paulo,BR-SP,Angatuba,Estação Ecológica de Angatuba,-23.39305556,-48.36305556,gms,673,19.48,1215
amp1449,1180,6,co,ll,is,br,as,NA,ae,ni,3,2007,3,2009,24,Brazil,São Paulo,BR-SP,Angatuba,Estação Ecológica de Angatuba,-23.41333333,-48.35888889,gms,749,19.09,1228
amp1450,1180,10,co,la,ll,br,as,NA,ae,ni,3,2007,3,2009,24,Brazil,São Paulo,BR-SP,Angatuba,Estação Ecológica de Angatuba,-23.42194444,-48.335,gms,664,19.51,1216
amp1451,1180,6,co,ll,is,br,as,NA,ae,ni,3,2007,3,2009,24,Brazil,São Paulo,BR-SP,Angatuba,Estação Ecológica de Angatuba,-23.43444444,-48.33222222,gms,615,19.78,1205
amp1452,1180,10,co,ll,is,br,as,NA,ae,ni,3,2007,3,2009,24,Brazil,São Paulo,BR-SP,Angatuba,Estação Ecológica de Angatuba,-23.43444444,-48.33166667,gms,615,19.78,1205
amp1453,1180,4,co,ll,is,br,as,NA,ae,ni,3,2007,3,2009,24,Brazil,São Paulo,BR-SP,Angatuba,Estação Ecológica de Angatuba,-23.41138889,-48.325,gms,638,19.65,1210
amp1454,1180,3,co,ll,is,br,as,NA,ae,ni,3,2007,3,2009,24,Brazil,São Paulo,BR-SP,Angatuba,Estação Ecológica de Angatuba,-23.41972222,-48.32472222,gms,616,19.75,1211
amp1455,1180,3,co,ll,is,br,as,NA,ae,ni,3,2007,3,2009,24,Brazil,São Paulo,BR-SP,Angatuba,Estação Ecológica de Angatuba,-23.42027778,-48.32111111,gms,616,19.75,1211
amp1456,1180,10,co,sw,ll,br,as,NA,ae,ni,3,2007,3,2009,24,Brazil,São Paulo,BR-SP,Angatuba,Estação Ecológica de Angatuba,-23.42111111,-48.31972222,gms,616,19.75,1211
amp1457,1180,16,co,sw,ll,br,as,NA,ae,ni,3,2007,3,2009,24,Brazil,São Paulo,BR-SP,Angatuba,Estação Ecológica de Angatuba,-23.42583333,-48.3525,gms,687,19.41,1219
amp1458,1180,14,co,sw,ll,br,as,NA,ae,ni,3,2007,3,2009,24,Brazil,São Paulo,BR-SP,Angatuba,Estação Ecológica de Angatuba,-23.42777778,-48.35722222,gms,687,19.41,1219
amp1459,1181,2,co,fo,NA,pt,ae,mo,da,tw,ni,10,2008,3,2009,5,Brazil,São Paulo,BR-SP,Águas de Santa Bárbara,Estação Ecológica de Santa Bárbara,-22.83638889,-49.23222222,gms,633,20.37,1244
amp1460,1181,2,co,fo,NA,pt,ae,mo,da,tw,ni,10,2008,3,2009,5,Brazil,São Paulo,BR-SP,Águas de Santa Bárbara,Estação Ecológica de Santa Bárbara,-22.83694444,-49.23444444,gms,618,20.46,1243
amp1461,1181,3,co,fo,NA,pt,ae,mo,da,tw,ni,10,2008,3,2009,5,Brazil,São Paulo,BR-SP,Águas de Santa Bárbara,Estação Ecológica de Santa Bárbara,-22.83444444,-49.2375,gms,618,20.46,1243
amp1462,1181,1,co,fo,NA,pt,ae,mo,da,tw,ni,10,2008,3,2009,5,Brazil,São Paulo,BR-SP,Águas de Santa Bárbara,Estação Ecológica de Santa Bárbara,-22.83111111,-49.22888889,gms,645,20.3,1239
amp1463,1181,3,co,fo,NA,pt,ae,mo,da,tw,ni,10,2008,3,2009,5,Brazil,São Paulo,BR-SP,Águas de Santa Bárbara,Estação Ecológica de Santa Bárbara,-22.82527778,-49.23916667,gms,633,20.37,1241
amp1464,1181,3,co,fo,NA,pt,ae,mo,da,tw,ni,10,2008,3,2009,5,Brazil,São Paulo,BR-SP,Águas de Santa Bárbara,Estação Ecológica de Santa Bárbara,-22.81166667,-49.19916667,gms,644,20.26,1234
amp1465,1181,2,co,fo,NA,pt,ae,mo,da,tw,ni,10,2008,3,2009,5,Brazil,São Paulo,BR-SP,Águas de Santa Bárbara,Estação Ecológica de Santa Bárbara,-22.81388889,-49.23444444,gms,631,20.37,1240
amp1466,1181,2,co,fo,NA,pt,ae,mo,da,tw,ni,10,2008,3,2009,5,Brazil,São Paulo,BR-SP,Águas de Santa Bárbara,Estação Ecológica de Santa Bárbara,-22.81416667,-49.20833333,gms,631,20.33,1235
amp1467,1181,3,co,fo,NA,pt,ae,mo,da,tw,ni,10,2008,3,2009,5,Brazil,São Paulo,BR-SP,Águas de Santa Bárbara,Estação Ecológica de Santa Bárbara,-22.80361111,-49.19166667,gms,639,20.28,1234
amp1468,1181,4,co,fo,NA,pt,ae,mo,da,tw,ni,10,2008,3,2009,5,Brazil,São Paulo,BR-SP,Águas de Santa Bárbara,Estação Ecológica de Santa Bárbara,-22.805,-49.18722222,gms,633,20.33,1229
amp1469,1181,2,co,fo,NA,pt,ae,mo,da,tw,ni,10,2008,3,2009,5,Brazil,São Paulo,BR-SP,Águas de Santa Bárbara,Estação Ecológica de Santa Bárbara,-22.80638889,-49.18305556,gms,612,20.45,1226
amp1470,1181,6,co,fo,NA,pt,ae,mo,da,tw,ni,10,2008,3,2009,5,Brazil,São Paulo,BR-SP,Águas de Santa Bárbara,Estação Ecológica de Santa Bárbara,-22.785,-49.24138889,gms,638,20.35,1248
amp1471,1181,6,co,fo,NA,pt,ae,mo,da,tw,ni,10,2008,3,2009,5,Brazil,São Paulo,BR-SP,Águas de Santa Bárbara,Estação Ecológica de Santa Bárbara,-22.78694444,-49.23444444,gms,638,20.35,1248
amp1472,1181,7,co,fo,NA,pt,ae,mo,da,tw,ni,10,2008,3,2009,5,Brazil,São Paulo,BR-SP,Águas de Santa Bárbara,Estação Ecológica de Santa Bárbara,-22.79,-49.24361111,gms,634,20.39,1249
amp1473,1181,5,co,fo,NA,pt,ae,mo,da,tw,ni,10,2008,3,2009,5,Brazil,São Paulo,BR-SP,Águas de Santa Bárbara,Estação Ecológica de Santa Bárbara,-22.79166667,-49.23444444,gms,630,20.38,1242
amp1474,1181,6,co,fo,NA,pt,ae,mo,da,tw,ni,10,2008,3,2009,5,Brazil,São Paulo,BR-SP,Águas de Santa Bárbara,Estação Ecológica de Santa Bárbara,-22.78694444,-49.24972222,gms,634,20.39,1249
amp1475,1181,6,co,fo,NA,pt,ae,mo,da,tw,ni,10,2008,3,2009,5,Brazil,São Paulo,BR-SP,Águas de Santa Bárbara,Estação Ecológica de Santa Bárbara,-22.78222222,-49.24888889,gms,633,20.41,1246
amp1476,1181,9,co,la,ll,br,as,NA,ae,ni,10,2008,3,2009,5,Brazil,São Paulo,BR-SP,Águas de Santa Bárbara,Estação Ecológica de Santa Bárbara,-22.8275,-49.23611111,gms,633,20.37,1241
amp1477,1181,10,co,sw,ll,br,as,NA,ae,ni,10,2008,3,2009,5,Brazil,São Paulo,BR-SP,Águas de Santa Bárbara,Estação Ecológica de Santa Bárbara,-22.825,-49.2475,gms,611,20.47,1247
amp1478,1181,7,co,sw,ll,br,as,NA,ae,ni,10,2008,3,2009,5,Brazil,São Paulo,BR-SP,Águas de Santa Bárbara,Estação Ecológica de Santa Bárbara,-22.82138889,-49.24805556,gms,611,20.49,1244
amp1479,1181,3,co,ll,is,br,as,NA,ae,ni,10,2008,3,2009,5,Brazil,São Paulo,BR-SP,Águas de Santa Bárbara,Estação Ecológica de Santa Bárbara,-22.81583333,-49.24083333,gms,631,20.37,1240
amp1480,1181,9,co,la,ll,br,as,NA,ae,ni,10,2008,3,2009,5,Brazil,São Paulo,BR-SP,Águas de Santa Bárbara,Estação Ecológica de Santa Bárbara,-22.81527778,-49.24055556,gms,631,20.37,1240
amp1481,1181,15,co,la,ll,br,as,NA,ae,ni,10,2008,3,2009,5,Brazil,São Paulo,BR-SP,Águas de Santa Bárbara,Estação Ecológica de Santa Bárbara,-22.81361111,-49.23611111,gms,631,20.37,1240
amp1482,1181,7,co,sw,ll,br,as,NA,ae,ni,10,2008,3,2009,5,Brazil,São Paulo,BR-SP,Águas de Santa Bárbara,Estação Ecológica de Santa Bárbara,-22.80694444,-49.21083333,gms,645,20.25,1237
amp1483,1181,8,co,sw,ll,is,br,as,NA,ae,ni,10,2008,3,2009,5,Brazil,São Paulo,BR-SP,Águas de Santa Bárbara,Estação Ecológica de Santa Bárbara,-22.8075,-49.21055556,gms,645,20.25,1237
amp1484,1181,11,co,sw,ll,br,as,NA,ae,ni,10,2008,3,2009,5,Brazil,São Paulo,BR-SP,Águas de Santa Bárbara,Estação Ecológica de Santa Bárbara,-22.80194444,-49.19694444,gms,639,20.28,1234
amp1485,1181,16,co,sw,ll,br,as,NA,ae,ni,10,2008,3,2009,5,Brazil,São Paulo,BR-SP,Águas de Santa Bárbara,Estação Ecológica de Santa Bárbara,-22.80611111,-49.18222222,gms,612,20.45,1226
amp1486,1181,2,co,tp,ll,br,as,NA,ae,ni,10,2008,3,2009,5,Brazil,São Paulo,BR-SP,Águas de Santa Bárbara,Estação Ecológica de Santa Bárbara,-22.79527778,-49.22277778,gms,659,20.18,1236
amp1487,1181,2,co,ll,is,br,as,NA,ae,ni,10,2008,3,2009,5,Brazil,São Paulo,BR-SP,Águas de Santa Bárbara,Estação Ecológica de Santa Bárbara,-22.795,-49.23444444,gms,630,20.38,1242
amp1488,1181,13,co,sw,ll,br,as,NA,ae,ni,10,2008,3,2009,5,Brazil,São Paulo,BR-SP,Águas de Santa Bárbara,Estação Ecológica de Santa Bárbara,-22.78861111,-49.24305556,gms,634,20.39,1249
amp1489,1181,6,co,sw,ll,br,as,NA,ae,ni,10,2008,3,2009,5,Brazil,São Paulo,BR-SP,Águas de Santa Bárbara,Estação Ecológica de Santa Bárbara,-22.79027778,-49.25583333,gms,626,20.44,1253
amp1490,1182,6,co,fo,NA,pt,ae,mo,da,tw,ni,10,2007,3,2008,5,Brazil,São Paulo,BR-SP,Botucatu,Estação Ecológica de Bauru,-22.22944444,-49.08111111,gms,566,21.38,1135
amp1491,1182,8,co,fo,NA,pt,ae,mo,da,tw,ni,10,2007,3,2008,5,Brazil,São Paulo,BR-SP,Botucatu,Estação Ecológica de Bauru,-22.23555556,-49.08555556,gms,512,21.64,1136
amp1492,1182,8,co,fo,NA,pt,ae,mo,da,tw,ni,10,2007,3,2008,5,Brazil,São Paulo,BR-SP,Botucatu,Estação Ecológica de Bauru,-22.2375,-49.08138889,gms,527,21.58,1133
amp1493,1182,7,co,fo,NA,pt,ae,mo,da,tw,ni,10,2007,3,2008,5,Brazil,São Paulo,BR-SP,Botucatu,Estação Ecológica de Bauru,-22.23277778,-49.08416667,gms,549,21.46,1138
amp1494,1182,7,co,fo,NA,pt,ae,mo,da,tw,ni,10,2007,3,2008,5,Brazil,São Paulo,BR-SP,Botucatu,Estação Ecológica de Bauru,-22.23833333,-49.07916667,gms,527,21.58,1133
amp1495,1182,7,co,fo,NA,pt,ae,mo,da,tw,ni,10,2007,3,2008,5,Brazil,São Paulo,BR-SP,Botucatu,Estação Ecológica de Bauru,-22.23222222,-49.08444444,gms,549,21.46,1138
amp1496,1182,7,co,fo,NA,pt,ae,mo,da,tw,ni,10,2007,3,2008,5,Brazil,São Paulo,BR-SP,Botucatu,Estação Ecológica de Bauru,-22.23527778,-49.09166667,gms,508,21.65,1139
amp1497,1182,7,co,fo,NA,pt,ae,mo,da,tw,ni,10,2007,3,2008,5,Brazil,São Paulo,BR-SP,Botucatu,Estação Ecológica de Bauru,-22.23805556,-49.09083333,gms,512,21.64,1136
amp1498,1182,6,co,fo,NA,pt,ae,mo,da,tw,ni,10,2007,3,2008,5,Brazil,São Paulo,BR-SP,Botucatu,Estação Ecológica de Bauru,-22.22972222,-49.09805556,gms,531,21.53,1141
amp1499,1182,6,co,fo,NA,pt,ae,mo,da,tw,ni,10,2007,3,2008,5,Brazil,São Paulo,BR-SP,Botucatu,Estação Ecológica de Bauru,-22.22972222,-49.08944444,gms,549,21.46,1138
amp1500,1182,7,co,fo,NA,pt,ae,mo,da,tw,ni,10,2007,3,2008,5,Brazil,São Paulo,BR-SP,Botucatu,Estação Ecológica de Bauru,-22.23083333,-49.09444444,gms,531,21.53,1141
amp1501,1182,16,co,tp,ll,br,as,NA,ae,ni,10,2007,3,2008,5,Brazil,São Paulo,BR-SP,Botucatu,Estação Ecológica de Bauru,-22.23638889,-49.08666667,gms,512,21.64,1136
amp1502,1182,2,co,ll,is,br,as,NA,ae,ni,10,2007,3,2008,5,Brazil,São Paulo,BR-SP,Botucatu,Estação Ecológica de Bauru,-22.23305556,-49.08555556,gms,549,21.46,1138
amp1503,1182,13,co,ll,os,br,as,NA,ae,ni,10,2007,3,2008,5,Brazil,São Paulo,BR-SP,Botucatu,Estação Ecológica de Bauru,-22.23861111,-49.08361111,gms,512,21.64,1136
amp1504,1182,7,co,ll,os,br,as,NA,ae,ni,10,2007,3,2008,5,Brazil,São Paulo,BR-SP,Botucatu,Estação Ecológica de Bauru,-22.23777778,-49.08666667,gms,512,21.64,1136
amp1505,1182,16,co,tp,ll,is,br,as,NA,ae,ni,10,2007,3,2008,5,Brazil,São Paulo,BR-SP,Botucatu,Estação Ecológica de Bauru,-22.23888889,-49.09166667,gms,508,21.65,1139
amp1506,1182,4,co,sw,ll,br,as,NA,ae,ni,10,2007,3,2008,5,Brazil,São Paulo,BR-SP,Botucatu,Estação Ecológica de Bauru,-22.2375,-49.09194444,gms,508,21.65,1139
amp1507,1183,10,ab,fo,is,os,as,pt,ae,tw,ni,12,2011,12,2012,12,Brazil,São Paulo,BR-SP,Pedreira,NA,-22.76416667,-46.87916667,gms,672,19.8,1285
amp1508,1183,6,ab,fo,is,os,as,pt,ae,tw,ni,12,2011,12,2012,12,Brazil,São Paulo,BR-SP,Cosmópolis,NA,-22.6625,-47.275,gms,540,20.63,1251
amp1509,1183,13,ab,fo,is,os,as,pt,ae,tw,ni,12,2011,12,2012,12,Brazil,São Paulo,BR-SP,Jaguariúna,NA,-22.72944444,-47.08611111,gms,572,20.49,1273
amp1510,1184,5,ab,fo,ll,qs,NA,NA,mo,da,tw,4,2011,2,2012,10,Brazil,São Paulo,BR-SP,Capão Bonito,Fazenda Boa Esperança, Fazenda Santa Inês,-23.92111111,-48.34861111,gms,712,18.52,1227
amp1511,1185,13,ab,fo,ll,NA,pt,NA,mo,da,tw,ni,11,2004,3,2005,4,Brazil,São Paulo,BR-SP,São Luis do Paraitinga,NA,-23.21805556,-45.27583333,gm,885,17.8,1494
amp1512,1186,19,co,tp,as,tr,NA,NA,ni,12,2014,2,2016,14,Brazil,São Paulo,BR-SP,Santa Rita do Passa Quatro,Parque Estadual do Vassununga,-21.71916667,-47.64555556,gms,560,21.67,1382
amp1513,1186,5,co,fo,tp,as,tr,NA,NA,ni,12,2014,2,2016,14,Brazil,São Paulo,BR-SP,Santa Rita do Passa Quatro,Parque Estadual do Vassununga,-21.73111111,-47.58416667,gms,553,21.77,1375
amp1514,1186,2,co,fo,is,as,tr,NA,NA,ni,12,2014,2,2016,14,Brazil,São Paulo,BR-SP,Santa Rita do Passa Quatro,Parque Estadual do Vassununga,-21.64972222,-47.63972222,gms,623,21.31,1395
amp1515,1186,4,co,fo,is,as,tr,NA,NA,ni,12,2014,2,2016,14,Brazil,São Paulo,BR-SP,Santa Rita do Passa Quatro,Parque Estadual do Vassununga,-21.72055556,-47.59583333,gms,604,21.5,1391
amp1516,1186,3,co,fo,as,tr,NA,NA,ni,12,2014,2,2016,14,Brazil,São Paulo,BR-SP,Santa Rita do Passa Quatro,Parque Estadual do Vassununga,-21.60972222,-47.62277778,gms,737,20.74,1433
amp1517,1186,1,co,fo,as,tr,NA,NA,ni,12,2014,2,2016,14,Brazil,São Paulo,BR-SP,Santa Rita do Passa Quatro,Parque Estadual do Vassununga,-21.72472222,-47.595,gms,604,21.5,1391
amp1518,1187,26,co,fo,tp,pp,la,sw,as,NA,NA,NA,1,1996,4,1998,27,Brazil,São Paulo,BR-SP,Guararapes,NA,-21.26666667,-50.61666667,gm,416,22.07,1188
amp1519,1188,47,co,sp,pp,la,sw,sb,NA,NA,da,ni,4,1990,3,1991,11,Brazil,São Paulo,BR-SP,Ribeirão Grande,Parque Estadual Intervales,-24.26527778,-48.40694444,gm,900,17.25,1424
amp1520,1189,28,co,sp,la,sw,is,sb,NA,NA,da,ni,9,1993,9,1994,12,Brazil,São Paulo,BR-SP,Salesópolis,Estação Biológica de Boracéia,-23.63333333,-45.86666667,gm,970,16.66,2016
amp1521,1190,12,co,sp,pp,la,is,as,NA,NA,tw,ni,9,2005,10,2007,25,Brazil,São Paulo,BR-SP,Sete Barras,Parque Estadual Carlos Botelho,-24.19333333,-47.92861111,gms,99,22,1460
amp1522,1190,11,co,sp,pp,la,is,as,NA,NA,tw,ni,11,2006,10,2007,11,Brazil,São Paulo,BR-SP,Sete Barras,Parque Estadual Carlos Botelho,-24.20361111,-47.93222222,gms,89,22.09,1464
amp1523,1190,8,co,sp,pp,la,is,as,NA,NA,tw,ni,11,2006,10,2007,11,Brazil,São Paulo,BR-SP,Sete Barras,Parque Estadual Carlos Botelho,-24.20222222,-47.94166667,gms,53,22.3,1458
amp1524,1190,9,co,sp,pp,la,is,as,NA,NA,tw,ni,9,2005,10,2007,25,Brazil,São Paulo,BR-SP,Sete Barras,Parque Estadual Carlos Botelho,-24.20583333,-47.95444444,gms,114,21.94,1454
amp1525,1190,9,co,sp,pp,la,is,as,NA,NA,tw,ni,9,2005,10,2007,25,Brazil,São Paulo,BR-SP,Sete Barras,Parque Estadual Carlos Botelho,-24.19361111,-47.91972222,gms,138,21.78,1466
amp1526,1190,5,co,sp,pp,la,is,as,NA,NA,tw,ni,9,2005,10,2007,25,Brazil,São Paulo,BR-SP,Sete Barras,Parque Estadual Carlos Botelho,-24.19305556,-47.91972222,gms,138,21.78,1466
amp1527,1190,4,co,sp,pp,la,is,as,NA,NA,tw,ni,9,2005,10,2007,25,Brazil,São Paulo,BR-SP,Sete Barras,Parque Estadual Carlos Botelho,-24.19416667,-47.93194444,gms,99,22,1460
amp1528,1190,9,co,fo,is,tr,NA,NA,mo,da,10,2005,9,2006,11,Brazil,São Paulo,BR-SP,Sete Barras,Parque Estadual Carlos Botelho,-24.16666667,-47.91972222,gm,543,19.22,1507
amp1529,1191,28,co,fo,tp,sp,pp,la,sw,ll,os,as,pt,ae,mo,da,tw,ni,9,1998,3,2002,42,Brazil,São Paulo,BR-SP,Itirapina,Estação Ecológica de Itirapina,-22.22555556,-47.90388889,gm,723,19.91,1347
amp1530,1192,20,co,fo,tp,as,pt,NA,mo,da,tw,ni,10,2008,6,2009,8,Brazil,São Paulo,BR-SP,Bauru,Estação Ecológica de Bauru,-22.2375,-49.0925,gms,508,21.65,1139
amp1531,1192,20,co,fo,la,as,pt,NA,mo,da,tw,ni,10,2008,6,2009,8,Brazil,São Paulo,BR-SP,Garça,Fazenda Igure,-22.25916667,-49.63361111,gms,667,20.05,1285
amp1532,1192,21,co,fo,la,as,pt,NA,mo,da,tw,ni,10,2008,6,2009,8,Brazil,São Paulo,BR-SP,Lupércio,Fazenda Santa Heloisa,-22.3775,-49.79777778,gms,647,20.07,1278
amp1533,1192,12,co,eu,la,as,pt,NA,mo,da,tw,ni,10,2008,6,2009,8,Brazil,São Paulo,BR-SP,Arealva,NA,-22.18777778,-48.96972222,gms,533,21.42,1117
amp1534,1192,18,co,eu,la,as,pt,NA,mo,da,tw,ni,10,2008,6,2009,8,Brazil,São Paulo,BR-SP,Avaí,Fazenda Sossego,-22.23888889,-49.27944444,gms,523,21.32,1177
amp1535,1192,15,co,eu,la,as,pt,NA,mo,da,tw,ni,10,2008,6,2009,8,Brazil,São Paulo,BR-SP,Paulistânia,Fazenda Santa Izabel,-22.51833333,-49.22277778,gms,559,20.99,1209
amp1536,1193,14,co,sp,sw,os,as,sb,NA,ae,tw,ni,3,2006,10,2007,19,Brazil,São Paulo,BR-SP,Gália,Estação Ecológica dos Caetetus,-22.41355,-49.683607,gms,558,20.52,1275
amp1537,1193,13,co,sp,as,sb,NA,ae,tw,ni,11,2005,10,2007,23,Brazil,São Paulo,BR-SP,Gália,Estação Ecológica dos Caetetus,-22.388292,-49.675375,gms,674,19.91,1289
amp1538,1193,16,co,sp,as,sb,NA,ae,tw,ni,11,2005,10,2007,23,Brazil,São Paulo,BR-SP,Gália,Estação Ecológica dos Caetetus,-22.380373,-49.672342,gms,673,19.96,1295
amp1539,1193,12,co,sp,sw,as,sb,NA,ae,tw,ni,9,2005,10,2007,25,Brazil,São Paulo,BR-SP,Gália,Estação Ecológica dos Caetetus,-22.411455,-49.693652,gms,546,20.57,1270
amp1540,1193,7,co,tp,sw,as,sb,NA,ae,tw,ni,9,2005,10,2007,25,Brazil,São Paulo,BR-SP,Gália,Estação Ecológica dos Caetetus,-22.411024,-49.693947,gms,546,20.57,1270
amp1541,1193,9,co,is,as,tr,sb,NA,ae,tw,ni,9,2005,10,2007,25,Brazil,São Paulo,BR-SP,Gália,Estação Ecológica dos Caetetus,-22.411891,-49.693881,gms,546,20.57,1270
amp1542,1193,9,co,is,as,tr,sb,NA,ae,tw,ni,3,2006,10,2007,19,Brazil,São Paulo,BR-SP,Gália,Estação Ecológica dos Caetetus,-22.391311,-49.692354,gms,641,20.04,1290
amp1543,1193,16,co,sp,as,sb,NA,ae,tw,ni,10,2008,6,2009,8,Brazil,São Paulo,BR-SP,Alvinlândia,Estação Ecológica dos Caetetus,-22.418266,-49.717712,gms,573,20.43,1274
amp1544,1193,8,co,tp,as,sb,NA,ae,tw,ni,9,2005,10,2007,25,Brazil,São Paulo,BR-SP,Gália,Estação Ecológica dos Caetetus,-22.410786,-49.693609,gms,546,20.57,1270
amp1545,1193,7,co,tp,as,tr,sb,NA,ae,tw,ni,9,2005,10,2007,25,Brazil,São Paulo,BR-SP,Gália,Estação Ecológica dos Caetetus,-22.410734,-49.693843,gms,546,20.57,1270
amp1546,1193,8,co,tp,as,sb,NA,ae,tw,ni,9,2005,10,2007,25,Brazil,São Paulo,BR-SP,Gália,Estação Ecológica dos Caetetus,-22.410861,-49.69389,gms,546,20.57,1270
amp1547,1193,11,co,tp,as,sb,NA,ae,tw,ni,9,2005,10,2007,25,Brazil,São Paulo,BR-SP,Gália,Estação Ecológica dos Caetetus,-22.379222,-49.679676,gms,675,19.93,1296
amp1548,1193,17,co,pp,as,sb,NA,ae,tw,ni,9,2005,10,2007,25,Brazil,São Paulo,BR-SP,Gália,Estação Ecológica dos Caetetus,-22.378825,-49.679689,gms,675,19.93,1296
amp1549,1193,7,co,la,as,sb,NA,ae,tw,ni,10,2008,6,2009,8,Brazil,São Paulo,BR-SP,Gália,Estação Ecológica dos Caetetus,-22.4027794,-49.675552,gms,599,20.32,1283
amp1550,1193,15,co,la,as,sb,NA,ae,tw,ni,10,2008,6,2009,8,Brazil,São Paulo,BR-SP,Alvinlândia,Estação Ecológica dos Caetetus,-22.3877778,-49.7258333,gms,659,19.98,1296
amp1551,1194,17,co,fo,ll,NA,pt,NA,mo,da,tw,ni,11,2005,1,2007,14,Brazil,São Paulo,BR-SP,Piedade,Parque Estadual de Jurupará,-23.94777778,-47.39555556,gms,712,18,1745
amp1552,1194,18,co,fo,ll,NA,pt,NA,mo,da,tw,ni,1,2002,12,2002,11,Brazil,São Paulo,BR-SP,Cotia,Reserva do Morro Grande,-23.715,-46.94555556,gms,926,16.95,1572
amp1553,1194,15,co,fo,ll,NA,pt,NA,mo,da,tw,ni,11,2005,2,2007,15,Brazil,São Paulo,BR-SP,Ribeirão Grande,Fazenda Paraíso,-24.23,-48.37722222,gms,854,17.51,1395
amp1554,1194,20,co,fo,ll,NA,pt,NA,mo,da,tw,ni,11,2005,2,2007,15,Brazil,São Paulo,BR-SP,Piedade,Piedade,-23.88888889,-47.45972222,gms,951,17.01,1746
amp1555,1194,19,co,fo,ll,NA,pt,NA,mo,da,tw,ni,1,2002,12,2002,11,Brazil,São Paulo,BR-SP,Ibiuna,Ibiuna,-23.71527778,-47.0725,gms,915,17.07,1539
amp1556,1194,18,co,fo,ll,NA,pt,NA,mo,da,tw,ni,11,2005,2,2007,15,Brazil,São Paulo,BR-SP,Ribeirão Grande,Ribeirão Grande,-24.08722222,-48.34805556,gms,707,18.62,1280
amp1557,1102,29,co,fo,sw,ll,is,br,as,NA,NA,da,tw,ni,1,2015,3,2015,2,Brazil,São Paulo,BR-SP,Pedro de Toledo,Estação Ecológica de Juréia-Itatins,-24.33333333,-47.25,NA,416,19.82,2022
amp1558,1102,35,co,fo,sw,ll,is,br,as,NA,NA,da,tw,ni,1,2015,3,2015,2,Brazil,São Paulo,BR-SP,Caraguatatuba,Parque Estadual da Serra do Mar - Núcleo Caraguatatuba,-23.59138889,-45.42833333,NA,169,21.3,2246
amp1559,1195,25,co,NA,as,pt,NA,mo,da,tw,ni,9,2005,7,2006,10,Brazil,São Paulo,BR-SP,Santa Isabel,Residencial Reserva Ibirapitanga,-23.29666667,-46.29055556,gms,695,18.69,1398
amp1560,1196,14,co,fo,la,sw,is,as,pt,NA,mo,da,tw,ni,1,2010,7,2013,42,Brazil,São Paulo,BR-SP,Sorocaba,NA,-23.37555556,-47.47083333,utm,601,19.33,1228
amp1561,1197,4,ab,la,as,sb,NA,NA,ni,11,2014,3,2015,4,Brazil,São Paulo,BR-SP,Jundiaí,Reserva Municipal da Serra do Japi,-23.26111111,-46.92805556,gms,967,17.51,1361
amp1562,1197,12,ab,la,as,sb,NA,NA,ni,11,2014,3,2015,4,Brazil,São Paulo,BR-SP,Jundiaí,Reserva Municipal da Serra do Japi,-23.245,-46.93666667,gms,1140,16.68,1411
amp1563,1197,12,ab,la,as,sb,NA,NA,ni,11,2014,3,2015,4,Brazil,São Paulo,BR-SP,Jundiaí,Reserva Municipal da Serra do Japi,-23.23638889,-46.94583333,gms,1113,16.84,1394
amp1564,1197,12,ab,la,as,sb,NA,NA,ni,11,2014,3,2015,4,Brazil,São Paulo,BR-SP,Jundiaí,Reserva Municipal da Serra do Japi,-23.23805556,-46.94083333,gms,1105,16.92,1394
amp1565,1197,9,ab,la,as,sb,NA,NA,ni,11,2014,3,2015,4,Brazil,São Paulo,BR-SP,Jundiaí,Reserva Municipal da Serra do Japi,-23.24916667,-46.93972222,gms,1140,16.68,1411
amp1566,1197,11,ab,la,as,sb,NA,NA,ni,11,2014,3,2015,4,Brazil,São Paulo,BR-SP,Jundiaí,Reserva Municipal da Serra do Japi,-23.24972222,-46.94361111,gms,1129,16.7,1405
amp1567,1197,4,ab,la,as,sb,NA,NA,ni,11,2014,3,2015,4,Brazil,São Paulo,BR-SP,Jundiaí,Reserva Municipal da Serra do Japi,-23.23944444,-46.92638889,gms,1051,17.22,1370
amp1568,1197,8,ab,la,as,sb,NA,NA,ni,11,2014,3,2015,4,Brazil,São Paulo,BR-SP,Jundiaí,Reserva Municipal da Serra do Japi,-23.25777778,-46.93583333,gms,1089,16.88,1399
amp1569,1197,8,ab,la,as,sb,NA,NA,ni,11,2014,3,2015,4,Brazil,São Paulo,BR-SP,Jundiaí,Reserva Municipal da Serra do Japi,-23.23388889,-46.9325,gms,1051,17.22,1370
amp1570,1197,5,ab,la,as,sb,NA,NA,ni,11,2014,3,2015,4,Brazil,São Paulo,BR-SP,Jundiaí,Reserva Municipal da Serra do Japi,-23.24722222,-46.91166667,gms,908,17.97,1343
amp1571,1198,17,co,NA,as,pt,ft,tp,mo,da,tw,ni,7,2005,6,2006,11,Brazil,São Paulo,BR-SP,Ubatuba,Parque Estadual da Ilha Anchieta,-23.53944444,-45.05777778,gm,219,21.04,2506
amp1572,1199,14,co,NA,as,pt,NA,mo,da,tw,ni,2,2008,10,2009,20,Brazil,São Paulo,BR-SP,Ubatuba,Boqueirão,-23.50138889,-45.07833333,NA,68,21.82,2474
amp1573,1199,18,co,NA,as,pt,tp,mo,da,tw,ni,2,2008,10,2009,20,Brazil,São Paulo,BR-SP,Ubatuba,Parque Estadual da Ilha Anchieta,-23.53944444,-45.05777778,NA,219,21.04,2506
amp1574,1200,48,co,fo,ll,is,as,pt,ae,tp,mo,da,tw,ni,10,2005,1,2007,15,Brazil,São Paulo,BR-SP,Tapiraí,Parque Estadual do Jurupará,-23.92027778,-47.475,gm,897,17.24,1808
amp1575,1201,21,ab,NA,as,NA,NA,tw,ni,10,2009,8,2010,10,Brazil,São Paulo,BR-SP,Luiz Antônio,Estação Ecológica de Jataí,-21.6175,-47.76527778,gm,556,21.69,1375
amp1576,1202,29,co,tp,pp,la,sw,is,os,as,NA,NA,tw,ni,12,2008,12,2009,12,Brazil,São Paulo,BR-SP,Anhembi,Sítio Recanto Paraíso,-22.92083333,-48.20833333,gms,515,20.73,1233
amp1577,1203,23,ab,fo,ll,qs,NA,NA,tw,ni,5,2012,10,2013,17,Brazil,São Paulo,BR-SP,Salesópolis,Estação Biológica de Boracéia,-23.63333333,-45.86666667,gm,970,16.66,2016
amp1578,1204,5,ab,fo,ll,is,br,as,tr,pt,ar,NA,mo,da,tw,ni,9,2004,8,2005,11,Brazil,São Paulo,BR-SP,Icém,NA,-20.38083333,-49.25083333,NA,468,23.35,1267
amp1579,1204,7,ab,fo,ll,br,as,tr,ar,NA,mo,da,tw,ni,9,2004,8,2005,11,Brazil,São Paulo,BR-SP,Icém,NA,-20.37694444,-49.27305556,NA,449,23.44,1257
amp1580,1204,6,ab,fo,ll,br,as,tr,pt,ar,NA,mo,da,tw,ni,9,2004,8,2005,11,Brazil,São Paulo,BR-SP,Icém,NA,-20.36972222,-49.19444444,NA,455,23.53,1272
amp1581,1204,9,ab,fo,ll,br,as,tr,pt,ar,NA,mo,da,tw,ni,9,2004,8,2005,11,Brazil,São Paulo,BR-SP,Icém,NA,-20.36666667,-49.20194444,NA,464,23.5,1270
amp1582,1204,2,ab,sw,as,sb,NA,NA,da,tw,ni,9,2004,8,2005,11,Brazil,São Paulo,BR-SP,Icém,NA,-20.37916667,-49.25,gms,492,23.22,1270
amp1583,1204,5,ab,sw,as,sb,NA,NA,da,tw,ni,9,2004,8,2005,11,Brazil,São Paulo,BR-SP,Icém,NA,-20.3725,-49.27,gms,473,23.33,1267
amp1584,1204,6,ab,sw,as,sb,NA,NA,da,tw,ni,9,2004,8,2005,11,Brazil,São Paulo,BR-SP,Icém,NA,-20.36888889,-49.19305556,gms,455,23.53,1272
amp1585,1204,11,ab,sw,as,sb,NA,NA,da,tw,ni,9,2004,8,2005,11,Brazil,São Paulo,BR-SP,Icém,NA,-20.37916667,-49.25166667,gms,468,23.35,1267
amp1586,1204,10,ab,sw,as,sb,NA,NA,da,tw,ni,9,2004,8,2005,11,Brazil,São Paulo,BR-SP,Icém,NA,-20.37861111,-49.25111111,gms,468,23.35,1267
amp1587,1204,13,ab,sw,as,sb,NA,NA,da,tw,ni,9,2004,8,2005,11,Brazil,São Paulo,BR-SP,Icém,NA,-20.38138889,-49.25166667,gms,468,23.35,1267
amp1588,1204,14,ab,sw,as,sb,NA,NA,da,tw,ni,9,2004,8,2005,11,Brazil,São Paulo,BR-SP,Icém,NA,-20.375,-49.27555556,gms,447,23.46,1252
amp1589,1204,14,ab,sw,as,sb,NA,NA,da,tw,ni,9,2004,8,2005,11,Brazil,São Paulo,BR-SP,Icém,NA,-20.35833333,-49.19333333,gms,451,23.54,1280
amp1590,1204,14,ab,sw,as,sb,NA,NA,da,tw,ni,9,2004,8,2005,11,Brazil,São Paulo,BR-SP,Icém,NA,-20.36333333,-49.19861111,gms,446,23.57,1271
amp1591,1204,11,ab,pp,as,sb,NA,NA,da,tw,ni,9,2004,8,2005,11,Brazil,São Paulo,BR-SP,Icém,NA,-20.37944444,-49.25055556,gms,468,23.35,1267
amp1592,1204,12,ab,pp,as,sb,NA,NA,da,tw,ni,9,2004,8,2005,11,Brazil,São Paulo,BR-SP,Icém,NA,-20.36694444,-49.20194444,gms,464,23.5,1270
amp1593,1204,11,ab,tp,as,sb,NA,NA,da,tw,ni,9,2004,8,2005,11,Brazil,São Paulo,BR-SP,Icém,NA,-20.36861111,-49.19277778,gms,455,23.53,1272
amp1594,1204,17,ab,pp,as,sb,NA,NA,da,tw,ni,9,2004,8,2005,11,Brazil,São Paulo,BR-SP,Icém,NA,-20.355,-49.27555556,gms,444,23.49,1249
amp1595,1204,13,ab,pp,as,sb,NA,NA,da,tw,ni,9,2004,8,2005,11,Brazil,São Paulo,BR-SP,Icém,NA,-20.36277778,-49.23638889,gms,460,23.43,1267
amp1596,1204,17,ab,tp,as,sb,NA,NA,da,tw,ni,9,2004,8,2005,11,Brazil,São Paulo,BR-SP,Icém,NA,-20.35611111,-49.2,gms,453,23.55,1280
amp1597,1205,4,ab,NA,NA,pt,NA,mo,da,tw,ni,12,2004,5,2005,5,Brazil,São Paulo,BR-SP,Jaboticabal,Fazenda de Estudo, Pesquisa, Produção, Faculdade de Ciências Agrárias, Veterinárias,-21.25,-48.3,gm,567,22.11,1349
amp1598,1206,13,ab,pp,as,NA,NA,ni,10,2008,3,2009,5,Brazil,São Paulo,BR-SP,Macaubal,NA,-20.7418,-49.9347,dd,486,22.56,1209
amp1599,1206,6,ab,tp,as,NA,NA,ni,10,2008,3,2009,5,Brazil,São Paulo,BR-SP,Macaubal,NA,-20.7408,-49.9376,dd,511,22.44,1212
amp1600,1206,13,ab,tp,as,NA,NA,ni,10,2008,3,2009,5,Brazil,São Paulo,BR-SP,Macaubal,NA,-20.7407,-49.9355,dd,511,22.44,1212
amp1601,1206,17,ab,pp,as,NA,NA,ni,10,2008,3,2009,5,Brazil,São Paulo,BR-SP,Magda,NA,-20.6167,-50.207,dd,497,22.37,1200
amp1602,1206,16,ab,pp,as,NA,NA,ni,10,2008,3,2009,5,Brazil,São Paulo,BR-SP,Magda,NA,-20.5543,-50.2123,dd,444,22.64,1196
amp1603,1206,13,ab,pp,as,NA,NA,ni,10,2008,3,2009,5,Brazil,São Paulo,BR-SP,Magda,NA,-20.5575,-50.2285,dd,426,22.72,1191
amp1604,1206,7,ab,pp,as,NA,NA,ni,10,2008,3,2009,5,Brazil,São Paulo,BR-SP,Magda,NA,-20.5878,-50.2144,dd,480,22.47,1196
amp1605,1206,13,ab,pp,as,NA,NA,ni,10,2008,3,2009,5,Brazil,São Paulo,BR-SP,Matão,NA,-21.5959,-48.5166,dd,588,21.42,1300
amp1606,1206,5,ab,tp,as,NA,NA,ni,10,2008,3,2009,5,Brazil,São Paulo,BR-SP,Matão,NA,-21.5905,-48.4989,dd,579,21.5,1308
amp1607,1206,14,ab,pp,as,NA,NA,ni,10,2008,3,2009,5,Brazil,São Paulo,BR-SP,Onda Verde,NA,-20.6198,-49.2652,dd,545,22.77,1285
amp1608,1206,5,ab,tp,as,NA,NA,ni,10,2008,3,2009,5,Brazil,São Paulo,BR-SP,Onda Verde,NA,-20.6148,-49.2843,dd,549,22.75,1290
amp1609,1206,7,ab,tp,as,NA,NA,ni,10,2008,3,2009,5,Brazil,São Paulo,BR-SP,Onda Verde,NA,-20.6061,-49.3067,dd,539,22.8,1289
amp1610,1206,13,ab,pp,as,NA,NA,ni,10,2008,3,2009,5,Brazil,São Paulo,BR-SP,Palestina,NA,-20.2527,-49.5449,dd,479,23.24,1216
amp1611,1206,16,ab,pp,as,NA,NA,ni,10,2008,3,2009,5,Brazil,São Paulo,BR-SP,Palestina,NA,-20.2566,-49.5405,dd,481,23.23,1219
amp1612,1206,9,ab,tp,as,NA,NA,ni,10,2008,3,2009,5,Brazil,São Paulo,BR-SP,Palestina,NA,-20.2723,-49.4848,dd,459,23.36,1228
amp1613,1206,5,ab,tp,as,NA,NA,ni,10,2008,3,2009,5,Brazil,São Paulo,BR-SP,Pindorama,NA,-21.2264,-48.9226,dd,567,22.09,1251
amp1614,1206,10,ab,pp,as,NA,NA,ni,10,2008,3,2009,5,Brazil,São Paulo,BR-SP,Pindorama,NA,-21.2317,-48.9177,dd,567,22.09,1251
amp1615,1206,10,ab,pp,as,NA,NA,ni,10,2008,3,2009,5,Brazil,São Paulo,BR-SP,Pindorama,NA,-21.2297,-48.9128,dd,579,22.02,1252
amp1616,1207,3,co,tp,as,NA,NA,tw,ni,11,2004,8,2005,9,Brazil,São Paulo,BR-SP,Icém,NA,-20.366389,-49.256667,dd,491,23.23,1268
amp1617,1207,17,co,tp,as,NA,NA,tw,ni,11,2004,8,2005,9,Brazil,São Paulo,BR-SP,Icém,NA,-20.356111,-49.201944,dd,453,23.55,1280
amp1618,1207,10,co,tp,as,NA,NA,tw,ni,11,2004,8,2005,9,Brazil,São Paulo,BR-SP,Icém,NA,-20.355,-49.203889,dd,453,23.55,1280
amp1619,1207,3,co,tp,as,NA,NA,tw,ni,11,2004,8,2005,9,Brazil,São Paulo,BR-SP,Icém,NA,-20.356667,-49.201944,dd,453,23.55,1280
amp1620,1207,7,co,tp,as,NA,NA,tw,ni,11,2004,8,2005,9,Brazil,São Paulo,BR-SP,Icém,NA,-20.368611,-49.200556,dd,464,23.5,1270
amp1621,1207,12,co,pp,as,NA,NA,tw,ni,11,2004,8,2005,9,Brazil,São Paulo,BR-SP,Icém,NA,-20.363889,-49.238333,dd,460,23.43,1267
amp1622,1207,10,co,pp,as,NA,NA,tw,ni,11,2004,8,2005,9,Brazil,São Paulo,BR-SP,Icém,NA,-20.375,-49.275556,dd,447,23.46,1252
amp1623,1207,17,co,pp,as,NA,NA,tw,ni,11,2004,8,2005,9,Brazil,São Paulo,BR-SP,Icém,NA,-20.355,-49.204722,dd,453,23.55,1280
amp1624,1207,15,co,pp,as,NA,NA,tw,ni,11,2004,8,2005,9,Brazil,São Paulo,BR-SP,Icém,NA,-20.363889,-49.193889,dd,446,23.57,1271
amp1625,1207,11,co,sw,as,NA,NA,tw,ni,11,2004,8,2005,9,Brazil,São Paulo,BR-SP,Icém,NA,-20.362778,-49.236389,dd,460,23.43,1267
amp1626,1207,12,co,sw,as,NA,NA,tw,ni,11,2004,8,2005,9,Brazil,São Paulo,BR-SP,Icém,NA,-20.358333,-49.198611,dd,451,23.54,1280
amp1627,1207,10,co,sw,as,NA,NA,tw,ni,11,2004,8,2005,9,Brazil,São Paulo,BR-SP,Icém,NA,-20.363333,-49.193333,dd,446,23.57,1271
amp1628,1208,34,co,fo,pp,ll,is,br,as,sb,NA,NA,da,tw,ni,12,2014,2,2017,26,Brazil,São Paulo,BR-SP,São Paulo,Parque Estadual da Serra do Mar - Núcleo Curucutu,-23.98694444,-46.74277778,gms,804,17.4,2348
amp1629,1208,43,co,fo,pp,ll,is,br,as,sb,NA,NA,da,tw,ni,12,2014,2,2017,26,Brazil,São Paulo,BR-SP,São Sebastião,Parque Estadual da Serra do Mar - Núcleo São Sebastião,-23.71888889,-45.71916667,gms,107,21.6,2559
amp1630,1208,42,co,fo,pp,ll,is,br,as,sb,NA,NA,da,tw,ni,12,2014,2,2017,26,Brazil,São Paulo,BR-SP,São Luís do Paraitinga,Parque Estadual da Serra do Mar - Núcleo Santa Virgínia,-23.33722222,-45.13527778,gms,984,16.83,1761
amp1631,1209,15,ab,fo,pp,la,sw,as,sb,pt,ae,rr,mo,da,tw,ni,3,2010,12,2010,9,Brazil,São Paulo,BR-SP,Limeira,NA,-22.65333333,-47.27472222,utm,557,20.55,1252
amp1632,1209,5,ab,fo,pp,la,sw,as,sb,pt,ae,rr,mo,da,tw,ni,3,2010,12,2010,9,Brazil,São Paulo,BR-SP,Jaguariúna,NA,-22.71583333,-47.08777778,utm,610,20.29,1270
amp1633,1209,13,ab,fo,pp,la,sw,as,sb,pt,ae,rr,mo,da,tw,ni,3,2010,12,2010,9,Brazil,São Paulo,BR-SP,Araras,NA,-22.27472222,-47.18833333,utm,583,20.87,1301
amp1634,1209,11,ab,fo,pp,la,sw,as,sb,pt,ae,rr,mo,da,tw,ni,3,2010,12,2010,9,Brazil,São Paulo,BR-SP,Artur Nogueira,NA,-22.57333333,-47.1025,utm,584,20.39,1279
amp1635,1209,5,ab,fo,pp,la,sw,as,sb,pt,ae,rr,mo,da,tw,ni,3,2010,12,2010,9,Brazil,São Paulo,BR-SP,Conchal,NA,-22.42333333,-47.14555556,utm,657,20.28,1300
amp1636,1209,10,ab,fo,pp,la,sw,as,sb,pt,ae,rr,mo,da,tw,ni,3,2010,12,2010,9,Brazil,São Paulo,BR-SP,Engenheiro Coelho,NA,-22.48083333,-47.10027778,utm,694,20.02,1299
amp1637,1210,25,ab,fo,tp,la,sw,ll,is,br,as,pt,tp,mo,da,tw,ni,6,2005,1,2008,31,Brazil,São Paulo,BR-SP,Eldorado,Parque Estadual de Jacupiranga - Núcleo Caverna do Diabo,-24.63805556,-48.40166667,gms,543,19.57,1546
amp1638,1210,26,ab,fo,tp,la,sw,ll,is,br,as,pt,tp,mo,da,tw,ni,6,2005,1,2008,31,Brazil,São Paulo,BR-SP,Barra do Turvo,Parque Estadual de Jacupiranga - Núcleo Cedro,-24.9675,-48.42638889,NA,790,17.84,1680
amp1639,1211,5,ab,is,as,NA,NA,NA,3,2006,3,2007,12,Brazil,São Paulo,BR-SP,Bertioga,Parque das Neblinas,-23.76111111,-49.16083333,gms,623,19.67,1214
amp1640,1211,7,ab,is,as,NA,NA,NA,3,2006,3,2007,12,Brazil,São Paulo,BR-SP,Bertioga,Parque das Neblinas,-23.74638889,-46.16361111,gms,746,17.85,2466
amp1641,1211,8,ab,is,as,NA,NA,NA,3,2006,3,2007,12,Brazil,São Paulo,BR-SP,Bertioga,Parque das Neblinas,-23.74277778,-46.1475,gms,803,17.56,2440
amp1642,1211,10,ab,pp,as,NA,NA,NA,3,2006,3,2007,12,Brazil,São Paulo,BR-SP,Bertioga,Parque das Neblinas,-23.73416667,-46.18055556,gms,844,17.3,2388
amp1643,1211,11,ab,tp,as,NA,NA,NA,3,2006,3,2007,12,Brazil,São Paulo,BR-SP,Bertioga,Parque das Neblinas,-23.74055556,-46.14305556,gms,742,17.88,2421
amp1644,1211,11,ab,tp,as,NA,NA,NA,3,2006,3,2007,12,Brazil,São Paulo,BR-SP,Bertioga,Parque das Neblinas,-23.75666667,-46.14305556,gms,785,17.65,2487
amp1645,1211,9,ab,tp,as,NA,NA,NA,3,2006,3,2007,12,Brazil,São Paulo,BR-SP,Bertioga,Parque das Neblinas,-23.75083333,-46.16416667,gms,771,17.72,2499
amp1646,1211,9,ab,tp,as,NA,NA,NA,3,2006,3,2007,12,Brazil,São Paulo,BR-SP,Bertioga,Parque das Neblinas,-23.74388889,-46.14916667,gms,803,17.56,2440
amp1647,1211,7,ab,tp,as,NA,NA,NA,3,2006,3,2007,12,Brazil,São Paulo,BR-SP,Bertioga,Parque das Neblinas,-23.74027778,-46.14305556,gms,742,17.88,2421
amp1648,1211,9,ab,tp,as,NA,NA,NA,3,2006,3,2007,12,Brazil,São Paulo,BR-SP,Bertioga,Parque das Neblinas,-23.74277778,-46.14805556,gms,803,17.56,2440
amp1649,1211,11,ab,tp,as,NA,NA,NA,3,2006,3,2007,12,Brazil,São Paulo,BR-SP,Bertioga,Parque das Neblinas,-23.74361111,-46.14916667,gms,803,17.56,2440
amp1650,1212,27,co,fo,ll,as,pt,NA,NA,1,2002,1,2003,12,Brazil,São Paulo,BR-SP,Cotia,Reserva Florestal de Morro Grande,-23.72666667,-46.99638889,NA,956,16.79,1585
amp1651,1213,21,co,fo,ll,as,pt,NA,NA,1,2002,1,2004,24,Brazil,São Paulo,BR-SP,Ibiúna,Planalto de Ibiúna,-23.71388889,-47.08222222,NA,914,17.07,1538
amp1652,1214,17,co,tp,la,sw,as,NA,NA,da,tw,ni,7,2010,6,2011,11,Brazil,São Paulo,BR-SP,Botucatu,Represa do Ribeirão Lavapés,-22.92305556,-48.45777778,gms,844,19.02,1325
amp1653,1215,32,co,fo,la,is,as,sb,NA,NA,da,tw,ni,8,2005,9,2006,13,Brazil,São Paulo,BR-SP,São Miguel Arcanjo,Parque Estadual Carlos Botelho,-24.05,-47.98333333,gm,787,17.65,1379
amp1654,1215,28,co,tp,la,is,as,sb,pt,NA,mo,da,tw,ni,8,2005,9,2006,13,Brazil,São Paulo,BR-SP,São Miguel Arcanjo,Parque Estadual Carlos Botelho,-24.05,-47.93333333,gm,780,17.63,1433
amp1655,1215,11,co,fo,is,as,sb,NA,NA,da,tw,ni,8,2005,9,2006,13,Brazil,São Paulo,BR-SP,São Miguel Arcanjo,Parque Estadual Carlos Botelho,-24.01666667,-47.91666667,gm,796,17.6,1414
amp1656,1215,30,co,fo,sw,is,as,sb,NA,NA,da,tw,ni,8,2005,9,2006,13,Brazil,São Paulo,BR-SP,Sete Barras,Parque Estadual Carlos Botelho,-24.11666667,-47.98333333,gm,777,17.65,1449
amp1657,1215,13,co,fo,tp,la,sw,is,as,sb,NA,NA,da,tw,ni,8,2005,9,2006,13,Brazil,São Paulo,BR-SP,Capão Bonito,Parque Estadual Carlos Botelho,-24.1,-48.03333333,gm,832,17.4,1421
amp1658,1215,19,co,fo,la,is,as,sb,NA,NA,da,tw,ni,8,2005,9,2006,13,Brazil,São Paulo,BR-SP,Sete Barras,Parque Estadual Carlos Botelho,-24.2,-47.95,gm,114,21.94,1454
amp1659,1216,20,co,la,as,NA,NA,ni,9,2004,2,2006,17,Brazil,São Paulo,BR-SP,São Miguel Arcanjo,Lagoa da Sede da Reserva Particular Parque do Zizo,-24.015,-47.81277778,NA,710,18.05,1510
amp1660,1217,21,co,la,sw,as,NA,NA,NA,10,2010,2,2011,4,Brazil,São Paulo,BR-SP,Salesópolis,Estação Biológica de Boracéia,-23.64583333,-45.86055556,utm,884,17.1,2073
amp1661,1217,9,co,pp,la,as,NA,NA,NA,10,2010,2,2011,4,Brazil,São Paulo,BR-SP,Cananéia,Parque Estadual da Ilha do Cardoso,-25.07083333,-47.92361111,utm,9,22.35,2188
amp1662,1217,17,co,la,sw,as,NA,NA,NA,10,2010,2,2011,4,Brazil,São Paulo,BR-SP,Iporanga,Parque Estadual Turístico do Alto Ribeira,-24.51666667,-48.68333333,gm,614,19.19,1397
amp1663,1217,12,co,fo,la,as,NA,NA,NA,10,2010,2,2011,4,Brazil,São Paulo,BR-SP,Ubatuba,Parque Estadual da Serra do Mar - Núcleo Picinguaba,-23.36,-44.85,utm,5,NA,NA
amp1664,1217,9,co,pp,sw,as,NA,NA,NA,10,2010,2,2011,4,Brazil,São Paulo,BR-SP,Iguape,Estação Ecológica Juréia-Itatins,-24.39027778,-47.07305556,utm,12,22.19,2035
amp1665,1217,16,co,pp,sw,as,NA,NA,NA,10,2010,2,2011,4,Brazil,São Paulo,BR-SP,Iporanga,Parque Estadual Intervales,-24.27416667,-48.41555556,utm,847,17.54,1405
amp1666,1218,32,co,fo,pp,la,is,as,tr,pt,ae,mo,da,tw,ni,1,2009,6,2009,5,Brazil,São Paulo,BR-SP,Mogi das Cruzes,Parque Natural Municipal Francisco Affonso de Mello,-23.49277778,-46.21444444,NA,814,18,1493
amp1667,1219,46,co,fo,pp,sw,ll,is,br,as,NA,NA,NA,5,2008,1,2011,32,Brazil,São Paulo,BR-SP,São José do Barreiro,Parque Nacional da Serra da Bocaina,-22.73444444,-44.61555556,NA,1547,14.53,1744
amp1668,1220,5,co,ll,qs,NA,NA,mo,da,7,1995,8,1995,1,Brazil,São Paulo,BR-SP,Cabreúva,Serra do Japi,-23.28333333,-47,gm,1069,16.96,1383
amp1669,1221,21,co,ll,qs,NA,NA,mo,da,12,1995,6,1996,6,Brazil,São Paulo,BR-SP,Ubatuba,NA,-23.41194444,-45.07527778,gm,353,20.75,2511
amp1670,1222,16,co,ll,is,qs,NA,NA,mo,da,5,1994,2,1995,9,Brazil,São Paulo,BR-SP,Atibaia,Parque Florestal do Itapetinga,-23.205,-46.49972222,gm,1170,16.2,1503
amp1671,1223,50,ab,fo,pp,la,sw,ll,is,br,as,pt,NA,mo,da,tw,ni,1,2003,12,2006,47,Brazil,São Paulo,BR-SP,São Luís do Paraitinga,Parque Estadual da Serra do Mar - Núcleo Santa Virgínia,-23.33333333,-45.1,gm,997,16.78,1769
amp1672,1224,17,ab,tp,la,is,as,NA,NA,NA,12,2006,2,2008,14,Brazil,São Paulo,BR-SP,Pindamonhangaba,Parque Estadual de Campos do Jordão,-22.75,-45.5,gm,1523,14.15,1794
amp1673,1225,26,co,fo,tp,ll,is,br,as,pt,NA,mo,da,tw,ni,1,2005,1,2005,0,Brazil,São Paulo,BR-SP,Santana de Parnaíba,Reserva Biológica Tamboré,-23.46583333,-46.83722222,gms,828,18.23,1378
amp1674,1226,40,co,NA,as,NA,NA,NA,5,1987,8,1990,39,Brazil,São Paulo,BR-SP,Sete Barras,Parque Estadual Carlos Botelho,-24.13333333,-47.99166667,gm,823,17.43,1476
amp1675,1227,54,co,NA,NA,NA,NA,NA,NA,1997,NA,1998,NA,Brazil,São Paulo,BR-SP,Sete Barras,Parque Estadual Carlos Botelho,-24.2,-48.05833333,gm,245,21.17,1409
amp1676,1228,24,co,pp,la,ll,is,as,NA,tp,da,tw,ni,3,1988,2,1989,11,Brazil,São Paulo,BR-SP,Jundiaí,Serra do Japi,-23.22694444,-46.96666667,gm,971,17.67,1327
amp1677,1229,40,co,fo,tp,sp,la,is,re,as,NA,NA,mo,da,tw,ni,1,2000,11,2002,34,Brazil,São Paulo,BR-SP,Ubatuba,Parque Estadual da Serra do Mar - Núcleo Picinguaba,-23.38333333,-44.83333333,gm,191,21.52,2492
amp1678,1230,65,co,fo,tp,pp,la,ll,is,br,as,NA,NA,NA,NA,1940,NA,1990,NA,Brazil,São Paulo,BR-SP,Salesópolis,Estação Biológica de Boracéia,-23.63333333,-45.86666667,gm,970,16.66,2016
amp1679,1231,7,co,tp,pp,sw,is,as,NA,NA,mo,da,9,2011,3,2012,6,Brazil,São Paulo,BR-SP,Ubatuba,Parque Estadual da Serra do Mar - Núcleo Picinguaba,-23.36,-44.84777778,gms,5,NA,NA
amp1680,1232,32,co,fo,tp,pp,ll,is,os,br,as,pt,NA,mo,da,tw,ni,10,2008,8,2010,22,Brazil,São Paulo,BR-SP,Piquete,Pico dos Marins,-22.50861111,-45.14916667,gms,1457,15.36,1721
amp1681,1233,15,co,tp,as,NA,NA,tw,ni,10,1990,8,1991,10,Brazil,São Paulo,BR-SP,Corumbataí,Sítio Santa Amélia,-22.23444444,-47.61138889,gm,584,20.88,1320
amp1682,1234,31,co,fo,la,ll,as,pt,NA,mo,da,tw,ni,8,2007,7,2009,23,Brazil,São Paulo,BR-SP,Angatuba,Fazenda Três Lagoas, na Fazenda Arca,-23.32861111,-48.44166667,gms,618,19.92,1225
amp1683,1235,21,co,fo,tp,pp,as,sb,tr,NA,NA,NA,10,2011,5,2012,7,Brazil,São Paulo,BR-SP,Bertioga,Bertioga, São Sebastião,-23.75666667,-45.92472222,gms,18,22.24,2909
amp1684,1235,29,co,fo,tp,pp,as,sb,tr,NA,NA,NA,10,2011,5,2012,7,Brazil,São Paulo,BR-SP,Itanhaém,Santos, Itanhaém,-24.2,-46.91277778,gms,21,22.48,2028
amp1685,1235,19,co,fo,tp,pp,as,sb,tr,NA,NA,NA,10,2011,5,2012,7,Brazil,São Paulo,BR-SP,Iguape,Cananéia, Iguape,-24.61333333,-47.35111111,gms,14,21.96,2009
amp1686,1235,24,co,fo,tp,pp,as,sb,tr,NA,NA,NA,10,2011,5,2012,7,Brazil,São Paulo,BR-SP,Ubatuba,Ubatuba,-23.3575,-44.8475,gms,10,22.47,2546
amp1687,1236,26,co,fo,sp,la,sw,ll,is,as,pt,NA,mo,da,tw,ni,10,2006,9,2010,47,Brazil,São Paulo,BR-SP,Botucatu,Escola do Meio Ambiente,-22.92305556,-48.45777778,gms,844,19.02,1325
amp1688,1237,27,ab,eu,sp,sw,as,sb,NA,NA,ni,1,2008,12,2009,23,Brazil,São Paulo,BR-SP,Borebi,Fazenda Rio Pardo,-22.80361111,-49.005,gms,656,20.15,1206
amp1689,1238,24,ab,eu,la,is,as,sb,NA,NA,ni,1,2008,12,2009,23,Brazil,São Paulo,BR-SP,Lençóis Paulista,Reserva Particular do Patrimônio Natural Olavo Egydio Setúbal,-22.77833333,-48.9525,gms,655,20.12,1216
amp1690,1239,29,ab,eu,sw,is,as,sb,NA,NA,ni,9,2011,5,2013,20,Brazil,São Paulo,BR-SP,Avaré,Fazenda Rio Pardo II,-22.83694444,-48.98194444,gms,640,20.27,1212
amp1691,1239,17,ab,eu,sp,is,as,sb,NA,NA,ni,10,2011,4,2013,18,Brazil,São Paulo,BR-SP,Lençóis Paulista,Fazenda Rio Claro,-22.77666667,-48.89805556,gms,649,20.17,1221
amp1692,1239,19,ab,la,as,sb,NA,NA,ni,10,2011,4,2013,18,Brazil,São Paulo,BR-SP,Águas de Santa Bárbara,Estação Ecológica de Santa Bárbara,-22.81388889,-49.23638889,gms,631,20.37,1240
amp1693,1240,20,ab,eu,tp,la,as,sb,NA,NA,ni,5,2012,4,2013,11,Brazil,São Paulo,BR-SP,Agudos,Fazenda Monte Alegre,-22.43166667,-48.86638889,gms,554,20.85,1174
amp1694,1240,22,ab,tp,pp,sw,as,sb,NA,NA,ni,5,2012,4,2013,11,Brazil,São Paulo,BR-SP,Jaú,Fazenda Santo Antônio,-22.26638889,-48.44444444,gms,706,19.97,1299
amp1695,1241,66,ab,fo,tp,la,sw,ll,is,br,as,pt,ae,mo,da,tw,ni,2,2005,2,2011,72,Brazil,São Paulo,BR-SP,Itanhaém,Parque Estadual da Serra do Mar - Núcleo Curucutu,-23.99111111,-46.78916667,NA,738,17.72,2298
amp1696,1242,25,co,fo,la,sw,is,as,pt,ae,mo,da,tw,ni,1,2009,6,2009,5,Brazil,São Paulo,BR-SP,Mogi das Cruzes,Reserva Legal da Pedreira Itapeti,-23.49333333,-46.25333333,NA,800,18.08,1481
amp1697,1243,21,co,fo,tp,la,as,pt,NA,mo,da,tw,ni,3,2013,1,2014,10,Brazil,São Paulo,BR-SP,Miguelópolis,Represa Volta Grande,-20.16,-48.12722222,utm,509,22.81,1448
amp1698,1244,14,co,pp,as,NA,NA,tw,ni,10,1996,2,1998,16,Brazil,São Paulo,BR-SP,Botucatu,Distrito de Rubião Júnior,-22.89666667,-48.48722222,gm,878,18.85,1326
amp1699,1245,17,co,fo,tp,ll,is,as,NA,ae,tp,mo,da,tw,ni,9,2008,8,2009,11,Brazil,São Paulo,BR-SP,Sorocaba,Parque Municipal Mário Covas,-23.42111111,-47.36444444,gms,584,19.42,1258
amp1700,1246,19,ab,la,as,NA,ae,tw,ni,8,1999,7,2000,11,Brazil,São Paulo,BR-SP,São Miguel Arcanjo,Parque Estadual Carlos Botelho,-24.06083333,-47.98861111,gm,788,17.65,1382
amp1701,1247,20,co,tp,pp,re,as,NA,NA,tw,ni,2,1993,12,1993,10,Brazil,São Paulo,BR-SP,Peruíbe,Estação Ecológica Juréia-Itatins,-24.39,-47.01277778,gms,21,NA,NA
amp1702,1248,23,ab,tp,sp,is,as,sb,NA,NA,NA,7,2005,3,2007,20,Brazil,São Paulo,BR-SP,Vitória Brasil,NA,-20.20277778,-50.4975,gms,482,22.41,1182
amp1703,1248,23,ab,tp,sp,pp,as,sb,NA,NA,NA,7,2005,3,2007,20,Brazil,São Paulo,BR-SP,Palestina,NA,-20.35805556,-49.28194444,gms,444,23.49,1249
amp1704,1248,29,ab,pp,is,as,sb,NA,NA,NA,7,2005,3,2007,20,Brazil,São Paulo,BR-SP,Atibaia,NA,-23.1825,-46.52361111,gms,1293,15.73,1541
amp1705,1249,11,co,pp,is,as,NA,NA,ni,11,2011,4,2012,5,Brazil,São Paulo,BR-SP,Araçatuba,Parque Ecológico do Baguaçú,-21.219444,-50.429444,dd,357,22.56,1236
amp1706,1249,6,co,pp,as,NA,NA,ni,11,2011,4,2012,5,Brazil,São Paulo,BR-SP,Araçatuba,Lagoa do Miguelão,-21.1875,-50.448056,dd,400,22.35,1241
amp1707,1249,5,co,pp,as,NA,NA,ni,11,2011,4,2012,5,Brazil,São Paulo,BR-SP,Araçatuba,Lagoa das Flores,-21.207778,-50.46,dd,411,22.2,1252
amp1708,1249,9,co,pp,as,NA,NA,ni,11,2011,4,2012,5,Brazil,São Paulo,BR-SP,Araçatuba,Lagoa da Unesp,-21.183611,-50.434722,dd,387,22.43,1230
amp1709,1249,10,co,pp,as,NA,NA,ni,11,2011,4,2012,5,Brazil,São Paulo,BR-SP,Araçatuba,Chácara Ariane,-21.237222,-50.410556,dd,394,22.31,1199
amp1710,1249,2,co,pp,as,NA,NA,ni,11,2011,4,2012,5,Brazil,São Paulo,BR-SP,Araçatuba,Rancho Calamar,-21.229167,-50.411667,dd,391,22.36,1210
amp1711,1249,20,co,pp,as,NA,NA,ni,11,2011,4,2012,5,Brazil,São Paulo,BR-SP,Araçatuba,NA,-21.235556,-50.384444,dd,397,22.24,1191
amp1712,1250,45,co,fo,ll,NA,pt,NA,mo,da,tw,ni,2,2000,1,2001,11,Brazil,São Paulo,BR-SP,Pilar do Sul,Fazenda João XXIII,-23.90416667,-47.69166667,gms,796,17.61,1473
amp1713,1251,15,co,tp,la,as,NA,NA,da,tw,ni,9,2006,8,2008,23,Brazil,São Paulo,BR-SP,Palestina,NA,-20.39,-49.43305556,gms,539,22.95,1247
amp1714,1252,12,ab,fo,NA,pt,NA,mo,da,tw,ni,10,2009,9,2010,11,Brazil,São Paulo,BR-SP,Luiz Antônio,Estação Ecológica de Jataí,-21.61194444,-47.78972222,gm,565,21.6,1370
amp1715,1253,33,ab,la,is,as,NA,NA,NA,NA,NA,NA,NA,NA,Brazil,São Paulo,BR-SP,Salesópolis,Parque Estadual Carlos Botelho,-23.64666667,-45.86055556,gm,884,17.1,2073
amp1716,1254,10,co,fo,ll,re,qs,NA,NA,da,tw,ni,10,2007,3,2008,5,Brazil,São Paulo,BR-SP,Cananéia,Ilha do Cardoso,-25.09166667,-47.92833333,gm,26,22.23,2242
amp1717,1255,31,co,fo,tp,pp,is,re,as,NA,NA,da,tw,ni,9,1989,6,1990,9,Brazil,São Paulo,BR-SP,Peruíbe,Estação Ecológia Juréia-Itatins,-24.3875,-47.01861111,gm,107,21.69,2087
amp1718,1256,45,co,pp,as,NA,NA,tw,ni,1,1993,12,1993,11,Brazil,São Paulo,BR-SP,Ribeirão Branco e Apiaí,Serra de Paranapiacaba,-24.35083333,-48.85138889,gm,979,16.99,1368
amp1719,1257,21,co,tp,pp,la,sw,is,as,sb,NA,NA,ni,12,2006,12,2006,0,Brazil,São Paulo,BR-SP,Luiz Antônio,Estação Ecológica de Jataí,-21.60472222,-47.7925,gm,545,21.69,1370
amp1720,1258,7,ab,tp,pp,la,sw,is,as,sb,NA,NA,ni,12,2006,12,2006,0,Brazil,São Paulo,BR-SP,Nova aliança,Nova Itapirema,-21.07333333,-49.51888889,gms,476,22.43,1160
amp1721,1258,7,ab,tp,pp,la,sw,is,as,sb,NA,NA,ni,12,2006,12,2006,0,Brazil,São Paulo,BR-SP,Nova aliança,Nova Itapirema,-21.07361111,-49.51888889,gms,476,22.43,1160
amp1722,1259,31,co,NA,NA,NA,NA,NA,NA,1999,NA,2005,NA,Brazil,São Paulo,BR-SP,Jundiaí,Serra do Japi,-23.23,-46.935,NA,1071,17.17,1373
amp1723,1260,8,co,pp,as,NA,NA,tw,ni,3,2006,10,2007,19,Brazil,São Paulo,BR-SP,Assis,Estação Ecológica de Assis,-22.59777778,-50.37194444,gms,551,20.67,1205
amp1724,1260,11,co,la,as,NA,NA,tw,ni,3,2006,10,2007,19,Brazil,São Paulo,BR-SP,Assis,Floresta Estadual de Assis,-22.59083333,-50.42055556,gms,552,20.85,1218
amp1725,1260,15,co,tp,as,NA,NA,tw,ni,3,2006,10,2007,19,Brazil,São Paulo,BR-SP,Assis,Floresta Estadual de Assis,-22.5725,-50.41055556,gms,540,20.92,1221
amp1726,1260,4,co,tp,as,NA,NA,tw,ni,3,2006,10,2007,19,Brazil,São Paulo,BR-SP,Assis,Floresta Estadual de Assis,-22.58972222,-50.41138889,gms,553,20.81,1215
amp1727,1260,4,co,tp,as,NA,NA,tw,ni,3,2006,10,2007,19,Brazil,São Paulo,BR-SP,Assis,Estação Ecológica de Assis,-22.59972222,-50.39444444,gms,585,20.58,1216
amp1728,1260,7,co,pp,as,NA,NA,tw,ni,8,2006,10,2007,14,Brazil,São Paulo,BR-SP,Assis,Estação Ecológica de Assis,-22.61166667,-50.39916667,gms,562,20.66,1212
amp1729,1260,13,co,la,as,NA,NA,tw,ni,8,2006,10,2007,14,Brazil,São Paulo,BR-SP,Assis,Floresta Estadual de Assis,-22.57361111,-50.41277778,gms,540,20.92,1221
amp1730,1260,12,co,tp,as,NA,NA,tw,ni,8,2006,10,2007,14,Brazil,São Paulo,BR-SP,Assis,Estação Ecológica de Assis,-22.59666667,-50.39666667,gms,585,20.58,1216
amp1731,1261,14,ab,tp,la,sw,os,as,sb,pt,NA,da,tw,ni,8,2006,12,2008,28,Brazil,São Paulo,BR-SP,Botucatu,Chácara Jim,-22.89333333,-48.50111111,gms,860,18.93,1322
amp1732,1261,8,ab,pp,sw,is,as,sb,NA,NA,da,tw,ni,8,2006,12,2008,28,Brazil,São Paulo,BR-SP,Botucatu,#N/A,-22.77888889,-48.56583333,gms,790,19.38,1329
amp1733,1261,21,ab,tp,pp,sw,os,as,sb,pt,NA,da,tw,ni,8,2006,12,2008,28,Brazil,São Paulo,BR-SP,Botucatu,Capão Bonito I,-22.88777778,-48.50638889,gms,875,18.87,1319
amp1734,1261,20,ab,tp,la,sw,is,as,sb,NA,NA,da,tw,ni,8,2006,12,2008,28,Brazil,São Paulo,BR-SP,Botucatu,Capão Bonito II,-22.89305556,-48.51166667,gms,842,19.03,1316
amp1735,1261,23,ab,tp,la,sw,is,as,sb,NA,NA,da,tw,ni,8,2006,12,2008,28,Brazil,São Paulo,BR-SP,Botucatu,Sítio Campo Verde,-22.87722222,-48.51305556,gms,865,18.93,1318
amp1736,1261,19,ab,tp,sw,is,as,sb,NA,NA,da,tw,ni,8,2006,12,2008,28,Brazil,São Paulo,BR-SP,Botucatu,Estância Toninho Santi,-22.87,-48.56027778,gms,831,19.1,1311
amp1737,1261,24,ab,tp,pp,la,sw,is,as,sb,NA,NA,da,tw,ni,8,2006,12,2008,28,Brazil,São Paulo,BR-SP,Botucatu,Recanto dos Oliveiras,-22.86527778,-48.54972222,gms,869,18.91,1318
amp1738,1261,11,ab,la,is,as,sb,NA,NA,da,tw,ni,8,2006,12,2008,28,Brazil,São Paulo,BR-SP,Botucatu,Sítio JB,-22.92055556,-48.53916667,gms,807,19.18,1302
amp1739,1261,8,ab,pp,la,os,as,sb,NA,NA,da,tw,ni,8,2006,12,2008,28,Brazil,São Paulo,BR-SP,Botucatu,Fazenda Indiana,-22.89333333,-48.38166667,gms,552,20.63,1258
amp1740,1261,13,ab,tp,la,is,as,sb,NA,NA,da,tw,ni,8,2006,12,2008,28,Brazil,São Paulo,BR-SP,Botucatu,Fazenda Rincão do Pinhal,-22.99333333,-48.49194444,gms,870,18.76,1305
amp1741,1261,9,ab,la,sw,is,as,sb,NA,NA,da,tw,ni,8,2006,12,2008,28,Brazil,São Paulo,BR-SP,São Manuel,Sítio Phoenix,-22.83888889,-48.57583333,gms,818,19.19,1315
amp1742,1261,23,ab,tp,pp,la,is,os,as,sb,NA,NA,da,tw,ni,8,2006,12,2008,28,Brazil,São Paulo,BR-SP,Pratânia,Sítio Palmeiras da Serra,-22.81416667,-48.74138889,gms,704,19.92,1273
amp1743,1261,11,ab,pp,la,sw,as,sb,NA,NA,da,tw,ni,8,2006,12,2008,28,Brazil,São Paulo,BR-SP,Itatinga,Fazenda Serra Linda,-23.0875,-48.52666667,gms,883,18.71,1303
amp1744,1261,15,ab,pp,la,sw,is,as,sb,NA,NA,da,tw,ni,8,2006,12,2008,28,Brazil,São Paulo,BR-SP,São Manuel,Fazenda da UNESP,-22.77888889,-48.56583333,gms,790,19.38,1329
amp1745,1261,21,ab,tp,la,is,as,sb,pt,ar,NA,da,tw,ni,8,2006,12,2008,28,Brazil,São Paulo,BR-SP,Borebi,Fazenda Turvinho II,-22.73833333,-49.01861111,gms,641,20.3,1214
amp1746,1261,17,ab,tp,la,as,sb,pt,ar,NA,da,tw,ni,8,2006,12,2008,28,Brazil,São Paulo,BR-SP,Borebi,Fazenda Turvinho IV,-22.73305556,-49.00444444,gms,656,20.2,1216
amp1747,1261,5,ab,tp,as,sb,pt,ar,NA,da,tw,ni,8,2006,12,2008,28,Brazil,São Paulo,BR-SP,Borebi,Fazenda São Luiz,-22.75305556,-49.04444444,gms,643,20.3,1216
amp1748,1261,12,ab,tp,os,as,sb,NA,NA,da,tw,ni,8,2006,12,2008,28,Brazil,São Paulo,BR-SP,Bauru,Residencial Samambaia,-22.36527778,-49.05027778,gms,549,21.48,1178
amp1749,1261,16,ab,pp,la,sw,as,sb,NA,NA,da,tw,ni,8,2006,12,2008,28,Brazil,São Paulo,BR-SP,Brotas,Residencial Lagoa Dourada,-22.19666667,-47.92111111,gms,740,19.86,1351
amp1750,1261,17,ab,tp,sw,as,sb,NA,NA,da,tw,ni,8,2006,12,2008,28,Brazil,São Paulo,BR-SP,Brotas,Fazenda Santa Evangelina,-22.16,-47.96027778,gms,743,19.89,1364
amp1751,1261,11,ab,pp,sw,as,sb,NA,NA,da,tw,ni,8,2006,12,2008,28,Brazil,São Paulo,BR-SP,Brotas,NA,-22.18583333,-47.96138889,gms,715,19.97,1349
amp1752,1261,12,ab,tp,pp,sw,is,as,sb,NA,NA,da,tw,ni,8,2006,12,2008,28,Brazil,São Paulo,BR-SP,Itirapina,Estação Ecológica de Itirapina,-22.2125,-47.91333333,gms,744,19.82,1355
amp1753,1261,14,ab,pp,la,sw,is,os,as,sb,NA,NA,da,tw,ni,8,2006,12,2008,28,Brazil,São Paulo,BR-SP,Águas de Santa Bárbara,Horto Florestal de Santa Bárbara,-22.81611111,-49.23611111,gms,631,20.37,1240
amp1754,1261,14,ab,tp,pp,sw,is,as,sb,NA,NA,da,tw,ni,8,2006,12,2008,28,Brazil,São Paulo,BR-SP,Águas de Santa Bárbara,Estação Ecológica de Santa Bárbara,-22.79027778,-49.24305556,gms,634,20.39,1249
amp1755,1261,19,ab,tp,la,sw,os,as,sb,NA,NA,da,tw,ni,8,2006,12,2008,28,Brazil,São Paulo,BR-SP,Botucatu,Dinuci,-22.95083333,-48.46,gms,846,18.95,1315
amp1756,1262,17,ab,pp,la,sw,is,as,sb,NA,NA,da,tw,ni,8,2009,7,2010,11,Brazil,São Paulo,BR-SP,Bauru,Jardim Botânico Municipal de Bauru,-22.34666667,-49.01555556,gms,565,21.29,1158
amp1757,1262,9,ab,pp,la,is,as,sb,NA,NA,da,tw,ni,11,2010,8,2011,9,Brazil,São Paulo,BR-SP,Bauru,Jardim Botânico Municipal de Bauru,-22.34666667,-49.01555556,gms,565,21.29,1158
amp1758,1262,14,ab,la,as,sb,NA,NA,da,tw,ni,11,2009,10,2010,11,Brazil,São Paulo,BR-SP,Bauru,Instituto Lauro Souza Lima,-22.34138889,-48.98305556,gms,559,21.2,1152
amp1759,1262,19,ab,tp,is,as,sb,NA,NA,da,tw,ni,9,2009,8,2010,11,Brazil,São Paulo,BR-SP,Agudos,Fazenda São Benedito,-22.48138889,-49.03555556,gms,659,20.61,1197
amp1760,1262,22,ab,tp,is,as,sb,NA,NA,da,tw,ni,10,2010,9,2011,11,Brazil,São Paulo,BR-SP,Agudos,Pesqueiro Toca do Peixe,-22.47722222,-49.03777778,gms,659,20.61,1197
amp1761,1262,16,ab,tp,pp,la,sw,as,sb,NA,NA,da,tw,ni,11,2009,10,2010,11,Brazil,São Paulo,BR-SP,Iacanga,Fazenda Pindorama,-21.97944444,-49.03805556,gms,432,21.88,1146
amp1762,1262,8,ab,tp,pp,sw,is,as,sb,NA,NA,da,tw,ni,9,2009,8,2010,11,Brazil,São Paulo,BR-SP,Piratininga,Sitio Piratininga,-22.40555556,-49.10361111,gms,502,21.6,1171
amp1763,1262,26,ab,tp,pp,la,sw,as,sb,NA,NA,da,tw,ni,9,2009,8,2010,11,Brazil,São Paulo,BR-SP,Avaí,Fazenda Rio Batalha,-22.04277778,-49.24972222,gms,426,21.78,1162
amp1764,1262,16,ab,tp,sw,is,as,sb,NA,NA,da,tw,ni,11,2011,8,2012,9,Brazil,São Paulo,BR-SP,Pederneiras,Reserva Legal do Horto Aimorés,-22.29861111,-48.93388889,gms,546,21.23,1147
amp1765,1263,15,co,tp,pp,sw,as,NA,NA,da,tw,ni,2,1984,3,1985,13,Brazil,São Paulo,BR-SP,Botucatu,Sítio Capivara,-22.75361111,-48.36666667,NA,485,20.97,1264
amp1766,1263,19,co,tp,sp,pp,as,NA,NA,da,tw,ni,2,1984,3,1985,13,Brazil,São Paulo,BR-SP,Botucatu,Fazenda Lageado,-22.85833333,-48.43305556,NA,779,19.44,1321
amp1767,1264,18,co,tp,as,NA,NA,tw,ni,10,1992,3,1995,29,Brazil,São Paulo,BR-SP,Nova Itapirema,Distrito de Nova Aliança,-21.19222222,-49.70861111,gm,420,22.42,1156
amp1768,1265,18,co,fo,la,sw,os,as,sb,pt,ae,mo,da,tw,ni,10,2006,2,2009,28,Brazil,São Paulo,BR-SP,Santo Antonio do Aracanguá,Fazenda Rancho Alegre,-20.92611111,-50.34861111,gms,401,22.5,1184
amp1769,1265,21,co,fo,la,sw,os,as,sb,pt,ae,mo,da,tw,ni,10,2006,2,2009,28,Brazil,São Paulo,BR-SP,Macaubal,Fazenda Pauã,-20.74277778,-49.92916667,gms,477,22.61,1206
amp1770,1265,22,co,fo,la,sw,os,as,sb,pt,ae,mo,da,tw,ni,10,2006,2,2009,28,Brazil,São Paulo,BR-SP,Pindorama,Estação Experimental de Pindorama,-21.22,-48.91777778,gms,547,22.21,1253
amp1771,1265,25,co,fo,la,sw,os,as,sb,pt,ae,mo,da,tw,ni,10,2006,2,2009,28,Brazil,São Paulo,BR-SP,Sales,Fazenda Águas Claras,-21.40472222,-49.50027778,gms,409,22.14,1176
amp1772,1265,24,co,fo,la,sw,os,as,sb,pt,ae,mo,da,tw,ni,10,2006,2,2009,28,Brazil,São Paulo,BR-SP,União Paulista,Fazenda Boa Vista,-20.92111111,-49.92611111,gms,477,22.39,1181
amp1773,1265,21,co,fo,la,sw,os,as,sb,pt,ae,mo,da,tw,ni,10,2006,2,2009,28,Brazil,São Paulo,BR-SP,Palestina,Fazenda Boa Vista,-20.28833333,-49.50027778,gms,478,23.29,1223
amp1774,1265,14,co,fo,la,sw,os,as,sb,pt,ae,mo,da,tw,ni,10,2006,2,2009,28,Brazil,São Paulo,BR-SP,Palestina,Fazenda Boa Vista,-20.32111111,-49.50472222,gms,503,23.13,1231
amp1775,1265,14,co,fo,la,sw,os,as,sb,pt,ae,mo,da,tw,ni,10,2006,2,2009,28,Brazil,São Paulo,BR-SP,Matão,Fazenda Cambuhy,-21.62055556,-48.53722222,gms,578,21.4,1292
amp1776,1265,21,co,fo,la,sw,os,as,sb,pt,ae,mo,da,tw,ni,10,2006,2,2009,28,Brazil,São Paulo,BR-SP,Bebedouro,Fazenda Córrego dos Bois,-20.885,-48.54055556,gms,562,22.47,1329
amp1777,1265,15,co,fo,la,sw,os,as,sb,pt,ae,mo,da,tw,ni,10,2006,2,2009,28,Brazil,São Paulo,BR-SP,Barretos,Fazenda Floresta,-20.63722222,-48.75166667,gms,564,22.7,1305
amp1778,1265,25,co,fo,la,sw,os,as,sb,pt,ae,mo,da,tw,ni,10,2006,2,2009,28,Brazil,São Paulo,BR-SP,Votuporanga,Fazenda Primavera,-20.51444444,-50.08666667,gms,436,22.84,1209
amp1779,1265,23,co,fo,la,sw,os,as,sb,pt,ae,mo,da,tw,ni,10,2006,2,2009,28,Brazil,São Paulo,BR-SP,Taquaritinga,Fazenda Santa Lúcia,-21.40222222,-48.68722222,gms,520,22.15,1277
amp1780,1265,22,co,fo,la,sw,os,as,sb,pt,ae,mo,da,tw,ni,10,2006,2,2009,28,Brazil,São Paulo,BR-SP,São João de Iracema,Fazenda São Francisco,-20.47361111,-50.29333333,gms,373,22.89,1171
amp1781,1265,19,co,fo,la,sw,os,as,sb,pt,ae,mo,da,tw,ni,10,2006,2,2009,28,Brazil,São Paulo,BR-SP,Nova Granada,Fazenda São João,-20.54361111,-49.24638889,gms,492,23.08,1256
amp1782,1265,8,co,fo,la,sw,os,as,sb,pt,ae,mo,da,tw,ni,10,2006,2,2009,28,Brazil,São Paulo,BR-SP,Turmalina,Fazenda São João,-20.00361111,-50.43388889,gms,450,22.73,1193
amp1783,1265,13,co,fo,la,sw,os,as,sb,pt,ae,mo,da,tw,ni,10,2006,2,2009,28,Brazil,São Paulo,BR-SP,Novo Horizonte,Fazenda Serrinha,-21.52083333,-49.29472222,gms,429,22.02,1231
amp1784,1265,9,co,fo,la,sw,os,as,sb,pt,ae,mo,da,tw,ni,10,2006,2,2009,28,Brazil,São Paulo,BR-SP,Planalto,Fazenda Taperão,-21.00138889,-49.97388889,gms,422,22.53,1171
amp1785,1265,23,co,fo,la,sw,os,as,sb,pt,ae,mo,da,tw,ni,10,2006,2,2009,28,Brazil,São Paulo,BR-SP,Barretos,Fazenda Vista Bonita,-20.48472222,-48.8225,gms,476,23.2,1297
amp1786,1266,13,co,fo,tp,la,is,as,tr,NA,ae,tw,ni,3,2009,2,2010,11,Brazil,São Paulo,BR-SP,São Carlos,Universidade Federal de São Carlos,-21.96777778,-47.87083333,gm,868,19.6,1415
amp1787,1267,12,co,pp,as,NA,NA,da,9,2003,8,2004,11,Brazil,São Paulo,BR-SP,Santa Fé do Sul,NA,-20.18888889,-50.89638889,gms,393,22.64,1210
amp1788,1267,9,co,pp,as,NA,NA,da,9,2003,8,2004,11,Brazil,São Paulo,BR-SP,Santa Fé do Sul,NA,-20.18472222,-50.89444444,gms,393,22.64,1210
amp1789,1267,5,co,pp,as,NA,NA,da,9,2003,8,2004,11,Brazil,São Paulo,BR-SP,Santa Fé do Sul,NA,-20.18555556,-50.89055556,gms,405,22.56,1211
amp1790,1267,7,co,pp,as,NA,NA,da,9,2003,8,2004,11,Brazil,São Paulo,BR-SP,Santa Fé do Sul,NA,-20.18527778,-50.89444444,gms,393,22.64,1210
amp1791,1267,11,co,pp,as,NA,NA,da,9,2003,8,2004,11,Brazil,São Paulo,BR-SP,Santa Fé do Sul,NA,-20.17833333,-50.89222222,gms,398,22.61,1215
amp1792,1267,8,co,tp,as,NA,NA,da,9,2003,8,2004,11,Brazil,São Paulo,BR-SP,Santa Fé do Sul,NA,-20.18527778,-50.89361111,gms,393,22.64,1210
amp1793,1267,5,co,tp,as,NA,NA,da,9,2003,8,2004,11,Brazil,São Paulo,BR-SP,Santa Fé do Sul,NA,-20.18416667,-50.89444444,gms,393,22.64,1210
amp1794,1267,6,co,tp,as,NA,NA,da,9,2003,8,2004,11,Brazil,São Paulo,BR-SP,Santa Fé do Sul,NA,-20.18416667,-50.89444444,gms,393,22.64,1210
amp1795,1268,28,co,fo,tp,pp,la,as,sb,pt,NA,mo,da,tw,ni,9,2005,3,2007,18,Brazil,São Paulo,BR-SP,Teodoro Sampaio,Parque Estadual Morro do Diabo,-22.54444444,-52.295,gms,403,21.66,1170
amp1796,1269,9,co,is,as,tr,NA,NA,da,tw,ni,1,2007,NA,2011,NA,Brazil,São Paulo,BR-SP,Ubatuba,Parque Estadual da Serra do Mar - Núcleo Picinguaba,-23.35416667,-44.7675,gms,341,20.78,2341
amp1797,1269,11,co,is,as,tr,NA,NA,da,tw,ni,1,2007,NA,2011,NA,Brazil,São Paulo,BR-SP,Ubatuba,Parque Estadual da Serra do Mar - Núcleo Picinguaba,-23.35944444,-44.78416667,gms,150,21.77,2514
amp1798,1269,13,co,is,as,tr,NA,NA,da,tw,ni,1,2007,NA,2011,NA,Brazil,São Paulo,BR-SP,Ubatuba,Parque Estadual da Serra do Mar - Núcleo Picinguaba,-23.36138889,-44.7875,gms,150,21.77,2514
amp1799,1269,13,co,is,as,tr,NA,NA,da,tw,ni,1,2007,NA,2011,NA,Brazil,São Paulo,BR-SP,Ubatuba,Parque Estadual da Serra do Mar - Núcleo Picinguaba,-23.36472222,-44.80055556,gms,287,21.03,2415
amp1800,1270,17,co,ll,qs,NA,NA,da,12,1997,1,1998,1,Brazil,São Paulo,BR-SP,Ilhabela,Ilha de São Sebastião,-23.86277778,-45.32083333,gm,533,19.01,2395
amp1801,1271,29,ab,sp,la,is,as,sb,NA,NA,da,tw,ni,10,2005,9,2006,11,Brazil,São Paulo,BR-SP,Botucatu,Recanto Ecológico Sacae Watanabe,-22.9925,-48.50111111,gms,837,18.95,1297
amp1802,1272,21,co,tp,pp,la,sw,as,NA,NA,NA,12,2010,11,2011,11,Brazil,São Paulo,BR-SP,Luís Antônio,Estação Ecológica de Jataí,-21.56972222,-47.73527778,gms,633,21.32,1411
amp1803,1273,19,co,tp,pp,sw,ll,is,os,br,as,NA,ae,da,tw,ni,4,2004,12,2006,32,Brazil,São Paulo,BR-SP,São José do Barreiro,Fazenda Atibaia,-22.64277778,-44.65666667,gms,540,20.46,1520
amp1804,1273,19,co,tp,pp,sw,ll,is,os,br,as,NA,ae,da,tw,ni,5,2005,12,2006,19,Brazil,São Paulo,BR-SP,São José do Barreiro,Pousada Recanto da Floresta,-22.71888889,-44.61416667,gms,1618,14.3,1796
amp1805,1274,11,ab,la,sb,NA,NA,tw,ni,9,2004,8,2005,11,Brazil,São Paulo,BR-SP,Icém,NA,-20.36694444,-49.25,dd,488,23.24,1272
amp1806,1274,13,ab,la,sb,NA,NA,tw,ni,9,2004,8,2005,11,Brazil,São Paulo,BR-SP,Icém,NA,-20.36388889,-49.19361111,dd,446,23.57,1271
amp1807,1274,10,ab,la,sb,NA,NA,tw,ni,9,2004,8,2005,11,Brazil,São Paulo,BR-SP,Icém,NA,-20.375,-49.27583333,dd,447,23.46,1252
amp1808,1274,8,ab,la,sb,NA,NA,tw,ni,9,2004,8,2005,11,Brazil,São Paulo,BR-SP,Icém,NA,-20.38138889,-49.25166667,dd,468,23.35,1267
amp1809,1274,7,ab,sw,sb,NA,NA,tw,ni,9,2004,8,2005,11,Brazil,São Paulo,BR-SP,Icém,NA,-20.36277778,-49.23638889,dd,460,23.43,1267
amp1810,1274,7,ab,sw,sb,NA,NA,tw,ni,9,2004,8,2005,11,Brazil,São Paulo,BR-SP,Icém,NA,-20.36388889,-49.23833333,dd,460,23.43,1267
amp1811,1275,23,co,fo,tp,la,as,sb,NA,NA,tw,ni,1,2010,12,2010,11,Brazil,São Paulo,BR-SP,Ribeirão Grande,Fazenda Intermontes,-24.19416667,-48.42305556,gms,863,17.54,1367
amp1812,1275,25,co,sw,as,sb,NA,NA,tw,ni,1,2010,12,2010,11,Brazil,São Paulo,BR-SP,Ribeirão Grande,Fazenda Intermontes,-24.19944444,-48.43555556,gms,870,17.53,1365
amp1813,1276,13,co,pp,sw,is,as,sb,NA,NA,tw,ni,8,2007,7,2008,11,Brazil,São Paulo,BR-SP,Botucatu,Recanto Ecológico Sacae Watanabe,-22.9975,-48.50472222,gms,837,18.95,1297
amp1814,1276,8,co,pp,is,as,sb,NA,NA,tw,ni,8,2007,7,2008,11,Brazil,São Paulo,BR-SP,Botucatu,Sítio Santo Antônio da Cascatinha,-22.89666667,-48.48722222,gms,878,18.85,1326
amp1815,1277,21,co,fo,tp,la,is,as,NA,rr,tw,ni,7,2001,11,2002,16,Brazil,São Paulo,BR-SP,Rio Claro,Floresta Estadual “Edmundo Navarro de Andrade”,-22.41194444,-47.52138889,gm,613,20.53,1255
amp1816,1278,14,ab,fo,is,as,pt,NA,mo,da,tw,ni,2,2009,2,2010,12,Brazil,São Paulo,BR-SP,São Luiz do Paraitinga,NA,-23.26083333,-45.31611111,gms,847,18,1496
amp1817,1279,53,co,NA,as,pt,ae,mo,da,tw,ni,11,2009,3,2011,16,Brazil,São Paulo,BR-SP,Santo André,Parque Natural Municipal Nascentes de Paranapiacaba,-23.775,-46.29166667,gms,916,16.93,2412
amp1818,1280,15,co,la,as,NA,NA,da,tw,ni,1,2003,3,2004,14,Brazil,São Paulo,BR-SP,Nova Itapirema,NA,-21.07805556,-49.53888889,gms,468,22.42,1162
amp1819,1280,17,co,la,as,NA,NA,da,tw,ni,1,2003,3,2004,14,Brazil,São Paulo,BR-SP,Nova Itapirema,NA,-21.07583333,-49.53916667,gms,468,22.42,1162
amp1820,1280,18,co,la,as,NA,NA,da,tw,ni,1,2003,3,2004,14,Brazil,São Paulo,BR-SP,Nova Itapirema,NA,-21.08111111,-49.51916667,gms,459,22.51,1159
amp1821,1280,20,co,la,as,NA,NA,da,tw,ni,1,2003,3,2004,14,Brazil,São Paulo,BR-SP,Nova Itapirema,NA,-21.07361111,-49.51888889,gms,476,22.43,1160
amp1822,1280,20,co,tp,as,NA,NA,da,tw,ni,1,2003,3,2004,14,Brazil,São Paulo,BR-SP,Nova Itapirema,NA,-21.07777778,-49.53972222,gms,468,22.42,1162
amp1823,1280,19,co,tp,as,NA,NA,da,tw,ni,1,2003,3,2004,14,Brazil,São Paulo,BR-SP,Nova Itapirema,NA,-21.07888889,-49.53888889,gms,468,22.42,1162
amp1824,1280,18,co,tp,as,NA,NA,da,tw,ni,1,2003,3,2004,14,Brazil,São Paulo,BR-SP,Nova Itapirema,NA,-21.07333333,-49.51888889,gms,476,22.43,1160
amp1825,1280,13,co,sw,as,NA,NA,da,tw,ni,1,2003,3,2004,14,Brazil,São Paulo,BR-SP,Nova Itapirema,NA,-21.07444444,-49.52055556,gms,476,22.43,1160
amp1826,1280,11,co,os,as,NA,NA,da,tw,ni,1,2003,3,2004,14,Brazil,São Paulo,BR-SP,Nova Itapirema,NA,-21.07861111,-49.53916667,gms,468,22.42,1162
amp1827,1280,10,co,is,as,NA,NA,da,tw,ni,1,2003,3,2004,14,Brazil,São Paulo,BR-SP,Nova Itapirema,NA,-21.07444444,-49.52055556,gms,476,22.43,1160
amp1828,1281,18,co,NA,as,pt,NA,da,tw,ni,3,2004,8,2004,5,Brazil,São Paulo,BR-SP,Santo André,Reserva Biológica de Paranapiacaba,-23.77888889,-46.31083333,utm,801,17.58,2672
amp1829,1282,10,co,tp,re,as,sb,tr,qs,NA,NA,tw,ni,10,2005,10,2007,24,Brazil,São Paulo,BR-SP,Cananéia,Parque Estadual da Ilha do Cardoso,-25.06916667,-47.92138889,utm,9,22.35,2188
amp1830,1282,10,co,tp,re,as,sb,tr,qs,NA,NA,tw,ni,10,2005,10,2007,24,Brazil,São Paulo,BR-SP,Cananéia,Parque Estadual da Ilha do Cardoso,-25.07361111,-47.92472222,utm,9,22.35,2188
amp1831,1282,7,co,fo,tp,as,sb,tr,qs,NA,NA,tw,ni,10,2005,10,2007,24,Brazil,São Paulo,BR-SP,Cananéia,Parque Estadual da Ilha do Cardoso,-25.07527778,-47.92555556,utm,15,22.31,2208
amp1832,1282,11,co,tp,re,br,as,sb,tr,qs,NA,NA,tw,ni,10,2005,10,2007,24,Brazil,São Paulo,BR-SP,Cananéia,Parque Estadual da Ilha do Cardoso,-25.07055556,-47.92333333,utm,9,22.35,2188
amp1833,1282,4,co,pp,re,as,sb,tr,qs,NA,NA,tw,ni,10,2005,10,2007,24,Brazil,São Paulo,BR-SP,Cananéia,Parque Estadual da Ilha do Cardoso,-25.07,-47.91972222,utm,9,22.35,2188
amp1834,1282,5,co,pp,re,as,sb,tr,qs,NA,NA,tw,ni,10,2005,10,2007,24,Brazil,São Paulo,BR-SP,Cananéia,Parque Estadual da Ilha do Cardoso,-25.06972222,-47.91972222,utm,9,22.35,2188
amp1835,1282,4,co,fo,pp,as,sb,tr,qs,NA,NA,tw,ni,10,2005,10,2007,24,Brazil,São Paulo,BR-SP,Cananéia,Parque Estadual da Ilha do Cardoso,-25.06888889,-47.92166667,utm,9,22.35,2188
amp1836,1282,5,co,re,as,sb,tr,qs,NA,NA,tw,ni,10,2005,10,2007,24,Brazil,São Paulo,BR-SP,Cananéia,Parque Estadual da Ilha do Cardoso,-25.07277778,-47.92388889,utm,9,22.35,2188
amp1837,1282,8,co,re,as,sb,tr,qs,NA,NA,tw,ni,10,2005,10,2007,24,Brazil,São Paulo,BR-SP,Cananéia,Parque Estadual da Ilha do Cardoso,-25.07833333,-47.92611111,utm,15,22.31,2208
amp1838,1283,2,co,fo,tp,pp,ll,is,as,NA,NA,NA,7,2001,11,2003,28,Brazil,São Paulo,BR-SP,Lorena,Fazenda Boa Esperança,-22.77111111,-45.02972222,gm,594,20.87,1432
amp1839,1283,15,co,fo,tp,pp,ll,is,as,NA,NA,NA,7,2001,11,2003,28,Brazil,São Paulo,BR-SP,Sapucaí-Mirim,Fazenda Karacy,-22.85861111,-45.86694444,gm,1541,14.31,1781
amp1840,1283,7,co,fo,tp,pp,ll,is,as,NA,NA,NA,7,2001,11,2003,28,Brazil,São Paulo,BR-SP,Igaratá,Fazenda Morro Azul,-23.13305556,-46.13527778,gm,722,18.75,1415
amp1841,1283,13,co,fo,tp,pp,ll,is,as,NA,NA,NA,7,2001,11,2003,28,Brazil,São Paulo,BR-SP,Lorena,Fazenda Porto do Meira,-22.70361111,-45.18472222,gm,572,21.47,1485
amp1842,1283,7,co,fo,tp,pp,ll,is,as,NA,NA,NA,7,2001,11,2003,28,Brazil,São Paulo,BR-SP,Taubaté,Fazenda Santa,Fazenda Uma,-23.09,-45.5075,gm,704,19.33,1290
amp1843,1283,14,co,fo,tp,pp,ll,is,as,NA,NA,NA,7,2001,11,2003,28,Brazil,São Paulo,BR-SP,Jambeiro,Redenção da Serra,Fazenda Santa Cruz I,-23.23944444,-45.60611111,gm,858,17.94,1389
amp1844,1283,21,co,fo,tp,pp,ll,is,as,NA,NA,NA,7,2001,11,2003,28,Brazil,São Paulo,BR-SP,São Luís do Paraitinga,Fazenda São José II,-23.12638889,-45.30944444,gm,850,18.17,1372
amp1845,1283,33,co,fo,tp,pp,ll,is,as,NA,NA,NA,7,2001,11,2003,28,Brazil,São Paulo,BR-SP,Pindamonhangaba,Fazenda São Sebastião do Ribeirão Grande,-22.76611111,-45.46944444,gm,798,19,1511
amp1846,1283,32,co,fo,tp,pp,ll,is,as,NA,NA,NA,7,2001,11,2003,28,Brazil,São Paulo,BR-SP,Mogi das Cruzes,Bertioga,Fazenda São Simão,-23.73388889,-46.15138889,gm,736,17.92,2429
amp1847,1283,26,co,fo,eu,pp,la,as,pt,NA,NA,3,1997,12,2003,81,Brazil,São Paulo,BR-SP,Santa Branca,Fazenda Taboão,-23.395,-45.845,gm,706,18.63,1421
amp1848,1284,30,co,fo,ll,NA,pt,NA,mo,da,tw,ni,12,2003,1,2004,1,Brazil,São Paulo,BR-SP,Bananal,Estação Ecológica de Bananal,-22.79805556,-44.35972222,gms,1341,15.48,1683
amp1849,1285,24,co,fo,tp,la,is,as,NA,NA,tw,ni,8,2002,7,2003,11,Brazil,São Paulo,BR-SP,Rio Claro,Reserva Legal da Mata São José,-22.35888889,-47.47944444,gm,664,20.24,1294
amp1850,1285,29,co,tp,la,NA,NA,NA,NA,NA,1995,12,2005,NA,Brazil,São Paulo,BR-SP,Rio Claro,Itapé,-22.325,-47.71444444,gm,660,20.23,1323
amp1851,1285,17,co,fo,la,sw,is,NA,NA,NA,NA,NA,1985,NA,1995,NA,Brazil,São Paulo,BR-SP,Campinas,Mata Santa Genebra,-22.82222222,-47.11111111,gm,615,20.52,1271
amp1852,1286,21,co,fo,tp,sp,pp,la,ll,br,as,pt,NA,mo,da,tw,ni,2,2007,1,2009,23,Brazil,São Paulo,BR-SP,Cananéia,Ilha de Cananéia,-24.93305556,-47.88777778,gms,20,22.37,2022
amp1853,1286,18,co,fo,tp,sp,pp,la,ll,br,as,pt,NA,mo,da,tw,ni,2,2007,1,2009,23,Brazil,São Paulo,BR-SP,Cananéia,Parque Estadual da Ilha do Cardoso,-25.05138889,-48.095,gms,10,22.44,2107
amp1854,1286,16,co,fo,tp,sp,pp,la,ll,br,as,pt,NA,mo,da,tw,ni,2,2007,1,2009,23,Brazil,São Paulo,BR-SP,Ilha Comprida,Ilha Comprida,-25.00527778,-47.87166667,gms,7,22.35,2094
amp1855,1286,22,co,fo,tp,sp,pp,la,ll,br,as,pt,NA,mo,da,tw,ni,2,2007,1,2009,23,Brazil,São Paulo,BR-SP,Pariquera-Açu,Parque Estadual da Campina do Encantado,-24.64555556,-47.81083333,gms,15,22.38,1701
amp1856,1286,26,co,fo,tp,sp,pp,la,ll,br,as,pt,NA,mo,da,tw,ni,2,2007,1,2009,23,Brazil,São Paulo,BR-SP,Iguape,Escola Agrícola Engenheiro Narciso de Medeiros,-24.68722222,-47.53111111,gms,36,21.83,1967
